姓名,出生地,当选年份,省,市
陈鲸,安徽省安庆市怀宁县,2005,安徽省,安庆市
宁津生,安徽省桐城县,1995,安徽省,安庆市
冯夏庭,安徽省潜山县,2019,安徽省,安庆市
周志鑫,安徽太湖县,2015,安徽省,安庆市
汤中立,安徽省安庆市,1995,安徽省,安庆市
徐南平,安徽省桐城市,2005,安徽省,安庆市
吴曼青,安徽省桐城市,2009,安徽省,安庆市
杨善林,安徽省怀宁县,2013,安徽省,安庆市
彭寿,安徽省桐城市,2019,安徽省,安庆市
蒋昌俊,安徽省安庆市,2021,安徽省,安庆市
孙德和,安徽桐城,1955,安徽省,安庆市
杨石先,安徽怀宁,1955,安徽省,安庆市
慈云桂,安徽桐城,1980,安徽省,安庆市
陈新民,安徽望江,1980,安徽省,安庆市
邓稼先,安徽怀宁,1980,安徽省,安庆市
王业宁,安徽安庆,1991,安徽省,安庆市
陆大道,安徽桐城,2003,安徽省,安庆市
方精云,安徽怀宁,2005,安徽省,安庆市
李亚栋,安徽宿松县,2011,安徽省,安庆市
程和平,安徽桐城,2013,安徽省,安庆市
吴立新,安徽桐城,2013,安徽省,安庆市
陆林,安徽安庆,2017,安徽省,安庆市
方复全,安徽桐城,2017,安徽省,安庆市
陈军,安徽宿松县,2017,安徽省,安庆市
常凯,安徽潜山,2019,安徽省,安庆市
钱前,安徽安庆,2019,安徽省,安庆市
吴宜灿,安徽安庆,2019,安徽省,安庆市
高鸿钧,安徽怀远县,2011,安徽省,蚌埠市
刘文清,安徽省蚌埠市,2013,安徽省,蚌埠市
张本仁,安徽怀远,1999,安徽省,蚌埠市
卢秉恒,安徽省亳州市,2005,安徽省,亳州市
丁一汇,安徽省亳州市,2005,安徽省,亳州市
段树民,安徽蒙城,2007,安徽省,亳州市
李根生,安徽省石台县,2015,安徽省,池州市
陈学俊,安徽滁县,1980,安徽省,滁州市
康乐,河北唐县,2011,安徽省,滁州市
方维海,安徽定远县,2013,安徽省,滁州市
陆元九,安徽省滁州市,1994,安徽省,滁州市
凌永顺,安徽省定远,1997,安徽省,滁州市
樊邦奎,安徽省滁州市,2015,安徽省,滁州市
汤广福,安徽省滁州市,2017,安徽省,滁州市
陆元九,安徽滁州,1980,安徽省,滁州市
穆穆,安徽定远,2007,安徽省,滁州市
王锡凡,安徽凤阳,2009,安徽省,滁州市
刘德培,安徽省阜南县,1996,安徽省,阜阳市
刘德培,安徽省阜南县,1996,安徽省,阜阳市
郑守仁,安徽颍上,1997,安徽省,阜阳市
陈国良,安徽颍上,2003,安徽省,阜阳市
韩斌,安徽阜阳,2013,安徽省,阜阳市
谢毅,安徽阜阳,2013,安徽省,阜阳市
陈孝平,安徽阜南,2015,安徽省,阜阳市
李建刚,安徽合肥市,2015,安徽省,合肥市
徐克勤,安徽巢县,1980,安徽省,合肥市
沈荣骏,安徽省合肥市,2005,安徽省,合肥市
张军,安徽省合肥市,2013,安徽省,合肥市
刘宏,安徽省合肥市,2021,安徽省,合肥市
朱合华,安徽省合肥市,2021,安徽省,合肥市
刘盛纲,安徽肥东,1980,安徽省,合肥市
杨振宁,安徽合肥,1994,安徽省,合肥市
彭一刚,安徽合肥,1995,安徽省,合肥市
吴新智,安徽合肥,1999,安徽省,合肥市
李家洋,安徽肥西,2001,安徽省,合肥市
郑永飞,安徽长丰,2009,安徽省,合肥市
王广厚,安徽肥西县,2011,安徽省,合肥市
吴福元,安徽庐江县,2015,安徽省,合肥市
俞书宏,安徽庐江县,2019,安徽省,合肥市
姜涛,安徽省淮北市,2021,安徽省,淮北市
张守攻,安徽省淮南市,2017,安徽省,淮南市
张守攻,安徽省淮南市,2017,安徽省,淮南市
范先群,安徽省淮南市,2021,安徽省,淮南市
韩家淮,安徽淮南,2013,安徽省,淮南市
卞修武,安徽寿县,2017,安徽省,淮南市
汪菊渊,安徽休宁县,1995,安徽省,黄山市
方家熊,安徽省黄山市,2001,安徽省,黄山市
汪堃仁,安徽休宁,1980,安徽省,黄山市
许根俊,安徽歙县,1991,安徽省,黄山市
许厚泽,安徽歙县,1991,安徽省,黄山市
刘有成,安徽舒城,1980,安徽省,六安市
汤涛,安徽舒城县,2017,安徽省,六安市
项昌乐,安徽省六安市霍山县,2019,安徽省,六安市
袁亮,安徽省金寨县,2009,安徽省,六安市
陈军,安徽省霍邱县,2019,安徽省,六安市
江碧涛,安徽省六安市,2021,安徽省,六安市
徐大懋,安徽省当涂县,1997,安徽省,马鞍山市
俞建章,安徽和县,1955,安徽省,马鞍山市
侯学煜,安徽和县,1980,安徽省,马鞍山市
王文兴,安徽省萧县市,1999,安徽省,宿州市
王运敏,安徽省砀山市,2019,安徽省,宿州市
高松,安徽泗县,2007,安徽省,宿州市
丁林,安徽萧县,2017,安徽省,宿州市
窦贤康,安徽泗县,2017,安徽省,宿州市
姚富强,安徽省铜陵市枞阳县,2019,安徽省,铜陵市
丁汉,安徽枞阳县,2013,安徽省,铜陵市
汪旭光,安徽省枞阳县,1995,安徽省,铜陵市
陈学东,安徽省铜陵市,2015,安徽省,铜陵市
曹建国,安徽枞阳,2019,安徽省,铜陵市
张来斌,安徽省铜陵市,2021,安徽省,铜陵市
王福生,安徽枞阳,2015,安徽省,铜陵市
汪应洛,安徽省芜湖市,2003,安徽省,芜湖市
徐仁,安徽芜湖,1980,安徽省,芜湖市
卢强,安徽无为,1991,安徽省,芜湖市
黄纬禄,安徽芜湖,1991,安徽省,芜湖市
吴奇,安徽芜湖,2003,安徽省,芜湖市
宣益民,安徽无为县,2015,安徽省,芜湖市
章基嘉,安徽省绩溪,1994,安徽省,宣城市
许杰,安徽广德,1955,安徽省,宣城市
江泽涵,安徽旌德,1955,安徽省,宣城市
任新民,安徽宁国,1980,安徽省,宣城市
汪卫华,安徽宁国,2015,安徽省,宣城市
叶向东,安徽宁国,2019,安徽省,宣城市
关杰,印度尼西亚,1997,北京市,北京市
王善源,印度尼西亚,1957,北京市,北京市
俞昌旋,印度尼西亚,2007,北京市,北京市
彭建兵,湖北麻城,2019,北京市,北京市
余贻鑫,北京密云县,2005,北京市,北京市
洪德元,安徽绩溪,1991,北京市,北京市
鞠躬,安徽绩溪,1991,北京市,北京市
方荣祥,安徽绩溪,2003,北京市,北京市
胡亚美,北京,1994,北京市,北京市
何德全,北京市,1994,北京市,北京市
李大东,北京市,1994,北京市,北京市
李鸿志,北京市,1994,北京市,北京市
傅熹年,北京,1994,北京市,北京市
黄培云,北京市,1994,北京市,北京市
管德,北京市,1994,北京市,北京市
钱易,北京市,1994,北京市,北京市
胡启恒,北京市,1994,北京市,北京市
范维唐,北京市,1994,北京市,北京市
张维,北京,1994,北京市,北京市
曾士迈,北京市,1995,北京市,北京市
李东英,北京市,1995,北京市,北京市
左铁镛,北京市,1995,北京市,北京市
关肇邺,北京,1995,北京市,北京市
陆建勋,北京市,1995,北京市,北京市
刘广志,北京,1995,北京市,北京市
李鹗鼎,北京,1995,北京市,北京市
梁维燕,北京,1995,北京市,北京市
王澍寰,北京市,1997,北京市,北京市
赵伊君,北京市,1997,北京市,北京市
梁晋才,北京市,1997,北京市,北京市
胡见义,北京市,1997,北京市,北京市
金涌,北京市,1997,北京市,北京市
朱尊权,北京市,1997,北京市,北京市
闻玉梅,北京市,1999,北京市,北京市
才鸿年,北京市,2001,北京市,北京市
江亿,北京市,2001,北京市,北京市
王众托,北京市,2001,北京市,北京市
陈左宁,北京市,2001,北京市,北京市
王浩,北京市,2005,北京市,北京市
于振文,北京市,2007,北京市,北京市
屠海令,北京市,2007,北京市,北京市
屠海令,北京市,2007,北京市,北京市
岳光溪,北京市,2009,北京市,北京市
程京,北京市,2009,北京市,北京市
崔愷,北京,2011,北京市,北京市
刘连元,北京市,2011,北京市,北京市
王辰,北京市,2013,北京市,北京市
丁文华,北京市,2013,北京市,北京市
李卫,北京市,2015,北京市,北京市
吴锋,北京市,2017,北京市,北京市
范国滨,北京市,2017,北京市,北京市
周志成,北京市,2017,北京市,北京市
苏东林,北京市,2019,北京市,北京市
田伟,北京市,2019,北京市,北京市
李宁,北京市,2019,北京市,北京市
罗毅,北京市,2021,北京市,北京市
许宝騄,北京,1948,北京市,北京市
马大猷,北京,1955,北京市,北京市
傅鹰,北京,1955,北京市,北京市
傅承义,北京,1957,北京市,北京市
陈华癸,北京,1980,北京市,北京市
董申保,北京,1980,北京市,北京市
金建中,北京,1980,北京市,北京市
刘光鼎,北京,1980,北京市,北京市
张炳熹,北京,1980,北京市,北京市
俞德浚,北京,1980,北京市,北京市
毛鹤年,北京,1980,北京市,北京市
蒋丽金,北京,1980,北京市,北京市
李林,北京,1980,北京市,北京市
陈永龄,北京,1980,北京市,北京市
高振衡,北京,1980,北京市,北京市
洪朝生,北京,1980,北京市,北京市
汪德熙,北京,1980,北京市,北京市
郝柏林,北京,1980,北京市,北京市
涂光炽,北京,1980,北京市,北京市
黄昆,北京,1980,北京市,北京市
杨槱,北京,1980,北京市,北京市
郭可信,北京,1980,北京市,北京市
林同骥,北京,1980,北京市,北京市
谢学锦,北京,1980,北京市,北京市
陈俊武,北京,1991,北京市,北京市
周同惠,北京,1991,北京市,北京市
孙鸿烈,北京,1991,北京市,北京市
高镇同,北京,1991,北京市,北京市
李德平,北京,1991,北京市,北京市
谢毓元,北京,1991,北京市,北京市
周尧和,北京,1991,北京市,北京市
胡聿贤,北京,1991,北京市,北京市
严陆光,北京,1991,北京市,北京市
阎隆飞,北京,1991,北京市,北京市
童宪章,北京,1991,北京市,北京市
霍裕平,北京,1993,北京市,北京市
李依依,北京,1993,北京市,北京市
梁思礼,北京,1993,北京市,北京市
戴立信,北京,1993,北京市,北京市
张维,北京,1994,北京市,北京市
朱起鹤,北京,1995,北京市,北京市
杨应昌,北京,1997,北京市,北京市
李未,北京,1997,北京市,北京市
张宗烨,北京,1999,北京市,北京市
刘若庄,北京,1999,北京市,北京市
黄润乾,北京,1999,北京市,北京市
高俊,北京,1999,北京市,北京市
涂传诒,北京,2001,北京市,北京市
马祖光,北京,2001,北京市,北京市
邝宇平,北京,2003,北京市,北京市
郑光美,北京,2003,北京市,北京市
葛墨林,北京,2003,北京市,北京市
杨卫,北京,2003,北京市,北京市
林尊琪,北京,2003,北京市,北京市
吴一戎,北京,2007,北京市,北京市
段雪,北京,2007,北京市,北京市
庄文颖,北京,2009,北京市,北京市
张维岩,北京,2011,北京市,北京市
赵继宗,北京,2013,北京市,北京市
杨秀荣,北京,2013,北京市,北京市
曹晓风,北京,2015,北京市,北京市
顾瑛,北京,2015,北京市,北京市
谢晓亮,北京,2017,北京市,北京市
陈松蹊,北京,2021,北京市,北京市
夏克青,北京,2021,北京市,北京市
陈香美,朝鲜咸镜北道清津市,2007,朝鲜,咸镜北道清津市
钟惠澜,葡属东帝汶的叻利岛,1955,东帝汶,东帝汶
叶渚沛,菲律宾马尼拉,1955,菲律宾,马尼拉
唐崇惕,主要从事与,1991,福建省,福州市
郭孔辉,福建省福州市,1994,福建省,福州市
石玉麟,福建省福州市,1995,福建省,福州市
许居衍,福建省福州市,1995,福建省,福州市
陈明致,福建省福州市,1995,福建省,福州市
严恺,福建省闽侯县,1995,福建省,福州市
李载平,福建福州,1996,福建省,福州市
卢耀如,福建省福州市,1997,福建省,福州市
王任享,福建省福州市,1997,福建省,福州市
陈良惠,福建省福州市,1999,福建省,福州市
陈一坚,福建省福州市,1999,福建省,福州市
张文海,福建省福州市,2003,福建省,福州市
王海舟,福建省福州市,2011,福建省,福州市
林东昕,福建省福州市,2013,福建省,福州市
夏照帆,福建省福州市,2013,福建省,福州市
陈杰,福建省福清市,2017,福建省,福州市
龙腾,福建省福州市,2021,福建省,福州市
侯德榜,福建闽侯,1948,福建省,福州市
邓叔群,福建福州,1948,福建省,福州市
虞宏正,福建闽侯,1955,福建省,福州市
张钰哲,福建闽侯,1955,福建省,福州市
陈彪,福建福州,1980,福建省,福州市
唐仲璋,福建福州,1980,福建省,福州市
郑作新,福建福州,1980,福建省,福州市
王绶琯,福建福州,1980,福建省,福州市
梁守槃,福建福州,1980,福建省,福州市
沈元,福建福州,1980,福建省,福州市
田昭武,福建福州,1980,福建省,福州市
陈景润,福建福州,1980,福建省,福州市
曾融生,福建福清,1980,福建省,福州市
高由禧,福建福清,1980,福建省,福州市
陈建生,福建福州,1991,福建省,福州市
陈可冀,福建福州,1991,福建省,福州市
庄巧生,福建闽侯,1991,福建省,福州市
阙端麟,福建福州,1991,福建省,福州市
吴孟超,福建闽清,1991,福建省,福州市
王乃彦,福建福州,1993,福建省,福州市
林群,福建连江,1993,福建省,福州市
梁敬魁,福建福州,1993,福建省,福州市
刘应明,福建福州,1995,福建省,福州市
严恺,福建闽侯,1995,福建省,福州市
张钹,福建福清,1995,福建省,福州市
侯虞钧,福建福州,1997,福建省,福州市
林惠民,福建福州,1999,福建省,福州市
陈霖,福建福州,2003,福建省,福州市
侯建国,福建平潭,2003,福建省,福州市
陈懿,福建福州,2005,福建省,福州市
林海青,福建福州,2019,福建省,福州市
涂善东,福建省龙岩市,2019,福建省,龙岩市
卢衍豪,福建永定,1980,福建省,龙岩市
谢联辉,福建龙岩,1991,福建省,龙岩市
林尚安,福建永定,1993,福建省,龙岩市
郭柏灵,福建龙岩,2001,福建省,龙岩市
谢华安,福建龙岩,2007,福建省,龙岩市
谢素原,福建上杭,2021,福建省,龙岩市
徐洵,福建省建瓯市,1999,福建省,南平市
付贤智,福建省邵武市,2009,福建省,南平市
吴明红,福建省浦城县,2021,福建省,南平市
李儒新,福建建瓯,2017,福建省,南平市
陈森玉,福建省仙游市,2001,福建省,莆田市
闵桂荣,福建省莆田县,1994,福建省,莆田市
林华宝,福建莆田,1997,福建省,莆田市
杨锦宗,福建省莆田市,2001,福建省,莆田市
俞永新,福建省仙游县,2001,福建省,莆田市
刘思职,福建仙游,1957,福建省,莆田市
林兰英,福建莆田,1980,福建省,莆田市
黄维垣,福建莆田,1980,福建省,莆田市
闵桂荣,福建莆田,1991,福建省,莆田市
陈宜瑜,福建仙游,1991,福建省,莆田市
洪茂椿,福建莆田,2003,福建省,莆田市
龚旗煌,福建莆田,2013,福建省,莆田市
杨永斌,福建省金门县,2009,福建省,泉州市
林鹏,福建省晋江市,2001,福建省,泉州市
陈火旺,福建省安溪县,1997,福建省,泉州市
李龙土,福建省南安市,1997,福建省,泉州市
李幼平,福建省泉州市,1999,福建省,泉州市
林俊德,福建省永春县,2001,福建省,泉州市
庄长恭,福建泉州,1948,福建省,泉州市
蔡镏生,福建泉州,1957,福建省,泉州市
张文裕,福建惠安,1957,福建省,泉州市
谢希德,福建泉州,1980,福建省,泉州市
黄荣辉,福建惠安,1991,福建省,泉州市
张乾二,福建惠安,1991,福建省,泉州市
施教耐,福建晋江,1991,福建省,泉州市
欧阳钟灿,福建泉州,1997,福建省,泉州市
吴新涛,福建石狮,1999,福建省,泉州市
陈桂林,福建南安,2001,福建省,泉州市
陈木法,福建惠安,2003,福建省,泉州市
郭光灿,福建惠安,2003,福建省,泉州市
姚建年,福建晋江,2005,福建省,泉州市
吴硕贤,福建泉州,2005,福建省,泉州市
雷霁霖,福建省宁化县,2005,福建省,三明市
郑有炓,福建大田,2003,福建省,三明市
林圣彩,福建三明,2021,福建省,三明市
王应睐,福建金门,1955,福建省,厦门市
高庆狮,福建鼓浪屿,1980,福建省,厦门市
蔡启瑞,福建同安,1980,福建省,厦门市
林尚扬,福建省厦门市,1995,福建省,厦门市
洪伯潜,福建省厦门市,1997,福建省,厦门市
戴尅戎,福建省厦门市,2003,福建省,厦门市
林巧稚,福建厦门,1955,福建省,厦门市
黄祯祥,福建厦门,1980,福建省,厦门市
卢嘉锡,福建厦门,1985,福建省,厦门市
曾呈奎,福建厦门,1985,福建省,厦门市
陈运泰,福建厦门,1991,福建省,厦门市
卓仁禧,福建厦门,1997,福建省,厦门市
郑兰荪,福建厦门,2001,福建省,厦门市
詹文龙,福建厦门,2005,福建省,厦门市
田中群,福建厦门,2005,福建省,厦门市
王正国,福建省漳州市,1994,福建省,漳州市
郑绵平,福建省漳州市,1995,福建省,漳州市
佘畯南,越南,1997,福建省,漳州市
蔡诗东,福建东山,1995,福建省,漳州市
李得天,甘肃省白银市,2021,甘肃省,白银市
陈化兰,甘肃白银,2017,甘肃省,白银市
姚檀栋,甘肃通渭县,2007,甘肃省,定西市
尚永丰,甘肃通渭,2009,甘肃省,定西市
刘志红,甘肃省临洮县,2003,甘肃省,定西市
李灿,甘肃永昌,2003,甘肃省,金昌市
吴有生,甘肃省兰州市,1994,甘肃省,兰州市
郭重庆,甘肃省兰州市,1995,甘肃省,兰州市
郭重庆,甘肃省兰州市,1995,甘肃省,兰州市
柴天佑,甘肃省兰州市,2003,甘肃省,兰州市
徐德龙,甘肃兰州,2003,甘肃省,兰州市
王小东,甘肃省兰州市,2007,甘肃省,兰州市
王陇德,甘肃省兰州市,2009,甘肃省,兰州市
王锐,甘肃省兰州市,2017,甘肃省,兰州市
王军志,甘肃省兰州市,2019,甘肃省,兰州市
文兰,甘肃兰州,1999,甘肃省,兰州市
秦大河,甘肃兰州,2003,甘肃省,兰州市
贾承造,甘肃兰州,2003,甘肃省,兰州市
张人禾,甘肃兰州,2015,甘肃省,兰州市
朵英贤,甘肃省永靖县,1999,甘肃省,临夏回族自治州
胡文瑞,甘肃省平凉市,2011,甘肃省,平凉市
卢柯,甘肃华池,2003,甘肃省,庆阳市
赵红卫,甘肃宁县,2019,甘肃省,庆阳市
吴骊珠,甘肃天水,2019,甘肃省,天水市
范瑞祥,甘肃武威,2021,甘肃省,武威市
庄育智,广东潮安,1980,广东省,潮州市
金之钧,山东胶南,2013,广东省,潮州市
吴佑寿,广东省潮州市,1995,广东省,潮州市
李衍达,广东东莞,1991,广东省,东莞市
莫伯治,广东省东莞市,1995,广东省,东莞市
何镜堂,广东省东莞市,1999,广东省,东莞市
李明,广东省三水市,1995,广东省,佛山市
曾溢滔,广东省佛山市,1994,广东省,佛山市
岑可法,广东省佛山市,1995,广东省,佛山市
关士聪,广东南海,1980,广东省,佛山市
何国钟,广东南海,1991,广东省,佛山市
苏国辉,广东顺德,1999,广东省,佛山市
梁智仁,广东南海,2001,广东省,佛山市
刘允怡,广东南海,2003,广东省,佛山市
戴复东,广东省广州市（安徽省无为县人）,1999,广东省,广州市
潘健生,广东省番禺市,2001,广东省,广州市
何炳林,广东番禺,1980,广东省,广州市
卢永根,广东花都,1993,广东省,广州市
毛炳权,广东省广州市,1995,广东省,广州市
李绍珍,广东省广州市,1999,广东省,广州市
罗绍基,广东省广州市,1999,广东省,广州市
罗绍基,广东省广州市,1999,广东省,广州市
邬贺铨,广东省广州市,1999,广东省,广州市
张恩虬,广东广州,1980,广东省,广州市
梁栋材,广东广州,1980,广东省,广州市
叶叔华,广东广州,1980,广东省,广州市
赵善欢,广东广州,1980,广东省,广州市
郭仲衡,广东广州,1988,广东省,广州市
范海福,广东广州,1991,广东省,广州市
冼鼎昌,广东广州,1991,广东省,广州市
苏锵,广东广州,1995,广东省,广州市
刘颂豪,广东广州,1999,广东省,广州市
彭练矛,江西,2019,广东省,广州市
林其谁,福建蒲田,2003,广东省,河源市
黄秉维,广东惠阳县,1955,广东省,惠州市
张仁和,重庆,1991,广东省,惠州市
陈颙,重庆,1993,广东省,惠州市
张焕乔,重庆,1997,广东省,惠州市
陈凯先,重庆,1999,广东省,惠州市
李朝义,重庆,1999,广东省,惠州市
陈祖煜,重庆,2005,广东省,惠州市
龙以明,重庆,2007,广东省,惠州市
李安民,重庆,2009,广东省,惠州市
李永舫,重庆,2013,广东省,惠州市
郝跃,重庆,2013,广东省,惠州市
邹才能,重庆,2017,广东省,惠州市
郝小江,重庆,2019,广东省,惠州市
陈灏珠,广东省江门市新会县,1997,广东省,江门市
黄志强,广东省新会市,1997,广东省,江门市
汤钊猷,广东省新会县,1994,广东省,江门市
黄耀祥,广东省开平,1995,广东省,江门市
黄翠芬,广东省台山市,1996,广东省,江门市
甄永苏,广东省开平市,1997,广东省,江门市
梁思成,广东新会,1948,广东省,江门市
林为干,广东台山,1980,广东省,江门市
陈国达,广东新会,1980,广东省,江门市
薛社普,广东新会,1991,广东省,江门市
姜中宏,广东台山,1999,广东省,江门市
叶玉如,广东台山,2001,广东省,江门市
陈新滋,广东台山,2001,广东省,江门市
蔡翘,广东揭阳,1948,广东省,揭阳市
杨遵仪,广东揭阳,1980,广东省,揭阳市
蒲蛰龙,云南,1980,广东省,揭阳市
曾毅,广东揭西,1993,广东省,揭阳市
郑度,广东揭西,1999,广东省,揭阳市
陈小明,广东揭阳,2009,广东省,揭阳市
许宁生,广东普宁,2009,广东省,揭阳市
甘子钊,广东信宜,1991,广东省,茂名市
麦康森,广东省化州市,2009,广东省,茂名市
麦康森,广东省化州市,2009,广东省,茂名市
丁颖,广东茂名,1955,广东省,茂名市
黎乐民,广东电白,1991,广东省,茂名市
李国豪,广东省梅县,1994,广东省,梅州市
饶芳权,广东省梅州市,1995,广东省,梅州市
饶芳权,广东省梅州市,1995,广东省,梅州市
汪懋华,广东省兴宁市,1995,广东省,梅州市
江欢成,广东省梅州市,1995,广东省,梅州市
古德生,广东省梅州市,1995,广东省,梅州市
梁春广,广东省梅县,1995,广东省,梅州市
钟世镇,广东省五华县,1997,广东省,梅州市
陈志杰,广东省梅县,2011,广东省,梅州市
邱冠周,广东省梅州市,2011,广东省,梅州市
李元元,广东省梅州市,2013,广东省,梅州市
吴清平,广东省蕉岭县,2015,广东省,梅州市
黄子卿,广东梅县,1955,广东省,梅州市
梁伯强,广东梅县,1955,广东省,梅州市
李国平,广东丰顺,1955,广东省,梅州市
张作梅,广东兴宁,1980,广东省,梅州市
黎尚豪,广东梅县,1980,广东省,梅州市
杨简,广东梅县,1980,广东省,梅州市
王佛松,广东兴宁,1991,广东省,梅州市
李国豪,广东梅县,1994,广东省,梅州市
张楚汉,广东梅州,2001,广东省,梅州市
杨文采,广东大埔,2005,广东省,梅州市
于起峰,广东丰顺,2009,广东省,梅州市
席南华,广东英德,2009,广东省,清远市
唐希灿,广东省潮阳县,2001,广东省,汕头市
侯祥麟,广东省汕头市,1994,广东省,汕头市
郭予元,广东潮阳,2001,广东省,汕头市
周福霖,广东省汕头市,2003,广东省,汕头市
范本尧,广东省汕头市,2005,广东省,汕头市
侯祥麟,广东汕头,1955,广东省,汕头市
蔡睿贤,广东汕头,1991,广东省,汕头市
钟香崇,广东汕头,1991,广东省,汕头市
林励吾,广东汕头,1993,广东省,汕头市
吴国雄,广东潮阳,1997,广东省,汕头市
郑儒永,广东潮阳,1999,广东省,汕头市
彭士禄,广东省海丰县,1994,广东省,汕尾市
黄旭华,广东省汕尾市,1994,广东省,汕尾市
陈克复,广东省海丰县,2003,广东省,汕尾市
刘耀光,广东韶关,2017,广东省,韶关市
宋宝安,广东省深圳市,2015,广东省,深圳市
马福邦,广东省顺德市,1994,广东省,顺德市
傅廷栋,广东省郁南市,1995,广东省,云浮市
辛世文,广东省湛江市,2003,广东省,湛江市
李焯芬,广东省中山市,2003,广东省,中山市
郑守仪,广东中山,2001,广东省,中山市
阮雪榆,广东省中山市,1994,广东省,中山市
容柏生,广东省珠海市,1995,广东省,珠海市
姚斌,广西省北海市,2019,广西壮族自治区,北海市
李德仁,江苏泰县,1991,广西壮族自治区,北海市
杨元喜,江苏泰县,2007,广西壮族自治区,北海市
欧阳平凯,广西省平乐市,2001,广西壮族自治区,桂林市
雷啸霖,广西桂林,1997,广西壮族自治区,桂林市
石耀霖,广西桂林,2001,广西壮族自治区,桂林市
金展鹏,广西荔浦,2003,广西壮族自治区,桂林市
唐志共,广西桂林,2021,广西壮族自治区,桂林市
韦钰,广西省桂林市,1994,广西壮族自治区,桂林市
莫宣学,广西融水,2009,广西壮族自治区,柳州市
高伯龙,广西省南宁市,1997,广西壮族自治区,南宁市
郑健超,广西南宁市,1995,广西壮族自治区,南宁市
林秉南,马来西亚,1991,广西壮族自治区,南宁市
李京文,广西陆川,1994,广西壮族自治区,玉林市
吴以成,广西玉林市,2005,广西壮族自治区,玉林市
党鸿辛,广西北流,1997,广西壮族自治区,玉林市
肖序常,贵州安顺,1991,贵州省,安顺市
庄松林,贵州省贵阳市,1995,贵州省,贵阳市
沈德忠,贵州贵阳,1995,贵州省,贵阳市
李天初,贵州省贵阳市,2011,贵州省,贵阳市
乐森璕,贵州贵阳,1955,贵州省,贵阳市
熊毅,贵州贵阳,1980,贵州省,贵阳市
周卫健,贵州贵阳,2009,贵州省,贵阳市
何凤生,贵州省贵定县,1994,贵州省,黔南布依族苗族自治州
祝宁华,贵州安龙县,2021,贵州省,黔西南布依族苗族自治州
张克勤,贵州黔西县,2021,贵州省,黔西南布依族苗族自治州
梅宏,贵州余庆县,2011,贵州省,遵义市
涂永强,贵州遵义,2009,贵州省,遵义市
刘丛强,贵州遵义,2011,贵州省,遵义市
曾德超,海南省海口市,1995,海南省,海口市
周良辅,海南省海口市,2009,海南省,海口市
欧阳晓平,海南省海口市,2013,海南省,海口市
林鸿宣,海南海口,2009,海南省,海口市
林浩然,海南省文昌市,1997,海南省,文昌市
张偲,海南省文昌市,2013,海南省,文昌市
王哲荣,是全系统全过程技术决策、组织实施的主要负责,2001,河北省,保定市
董玉琛,河北省高阳县,1999,河北省,保定市
刘旭,河北省定州市,2009,河北省,保定市
刘旭,河北省定州市,2009,河北省,保定市
汤鸿霄,河北省徐水县,1995,河北省,保定市
王恒升,河北定县,1980,河北省,保定市
韩占文,河北顺平县,2017,河北省,保定市
梁应辰,河北省保定市,1994,河北省,保定市
张宗祜,河北满城,1994,河北省,保定市
王仲奇,河北省唐县,1997,河北省,保定市
南志标,河北省曲阳县,2009,河北省,保定市
王迎军,河北省唐县,2015,河北省,保定市
赵春江,河北省保定市,2017,河北省,保定市
卢春房,河北省蠡县,2017,河北省,保定市
舒印彪,河北省涿州市,2019,河北省,保定市
任洪强,河北省涿州市,2019,河北省,保定市
李术才,河北省涞水县,2019,河北省,保定市
何作霖,河北蠡县,1955,河北省,保定市
侯德封,河北高阳,1955,河北省,保定市
马文昭,河北保定,1955,河北省,保定市
靳树梁,河北徐水,1955,河北省,保定市
张宗祜,河北满城,1980,河北省,保定市
赵金科,河北曲阳县,1980,河北省,保定市
丁国瑜,河北高阳,1980,河北省,保定市
阎逊初,河北高阳,1980,河北省,保定市
颜鸣皋,河北定兴,1991,河北省,保定市
师昌绪,河北徐水,1995,河北省,保定市
张玉奎,河北保定,2003,河北省,保定市
李树深,河北保定,2011,河北省,保定市
师昌绪,河北省徐水县,1994,河北省,保定市
王竹泉,河北交河,1957,河北省,沧州市
谢玉洪,河北省沧州市,2021,河北省,沧州市
王金龙,河北海兴县,2019,河北省,沧州市
杨秀敏,河北省青县,1995,河北省,沧州市
郭子建,河北河间,2017,河北省,沧州市
刘济舟,河北省滦县,1995,河北省,承德市
董海山,河北省滦县,2003,河北省,承德市
李德发,河北省隆化县,2013,河北省,承德市
崔铁军,河北滦平,2019,河北省,承德市
任阵海,河北省大名县,1995,河北省,邯郸市
杨万泰,河北成安县,2017,河北省,邯郸市
贺泓,河北省邯郸市,2017,河北省,邯郸市
吴以岭,河北省故城县,2009,河北省,衡水市
段宝岩,河北省冀州市,2011,河北省,衡水市
郝希山,河北省阜城县,2003,河北省,衡水市
张英泽,河北省衡水市,2017,河北省,衡水市
王湘浩,河北安平,1955,河北省,衡水市
侯仁之,河北枣强,1980,河北省,衡水市
张兴钤,河北武邑,1991,河北省,衡水市
李春岩,河北省廊坊市,2001,河北省,廊坊市
张宝东,河北省三河市,2021,河北省,廊坊市
王圩,河北文安,1997,河北省,廊坊市
翟裕生,河北文安,1999,河北省,廊坊市
赵文智,河北省昌黎县,2013,河北省,秦皇岛市
刘仙洲,河北完县,1955,河北省,秦皇岛市
陈光,河北昌黎县,2021,河北省,秦皇岛市
裴荣富,河北省秦皇岛市,1999,河北省,秦皇岛市
王静康,河北省秦皇岛市,1999,河北省,秦皇岛市
顾金才,河北省卢龙县,2001,河北省,秦皇岛市
董春鹏,河北省秦皇岛市,2009,河北省,秦皇岛市
王大中,河北昌黎,1993,河北省,秦皇岛市
李魁武,河北省井陉县,2015,河北省,石家庄市
王之玺,河北行唐,1955,河北省,石家庄市
杨志峰,河北省辛集市,2015,河北省,石家庄市
张贵田,河北省藁城县,1995,河北省,石家庄市
刘先林,河北省无极县,1994,河北省,石家庄市
刘建航,河北省深泽县,1995,河北省,石家庄市
李钊,河北省石家庄市,1999,河北省,石家庄市
张香桐,河北正定,1957,河北省,石家庄市
王钰,河北深泽,1980,河北省,石家庄市
李廷栋,河北栾城,1993,河北省,石家庄市
王育竹,河北正定,1997,河北省,石家庄市
侯增谦,河北藁城,2017,河北省,石家庄市
底青云,河北藁城,2021,河北省,石家庄市
张蔚榛,河北省丰南县,1997,河北省,唐山市
裴文中,河北丰南,1955,河北省,唐山市
韩布兴,河北遵化,2013,河北省,唐山市
刘瑞玉,河北乐亭县,1997,河北省,唐山市
王德民,河北省唐山市,1994,河北省,唐山市
李振岐,河北省遵化市,1997,河北省,唐山市
孙燕,河北省乐亭县,1999,河北省,唐山市
高润霖,河北省唐山市,1999,河北省,唐山市
葛宝丰,河北省乐亭县,1999,河北省,唐山市
张金麟,河北省滦南县,2007,河北省,唐山市
庞国芳,河北省滦南县,2007,河北省,唐山市
杨树兴,河北省唐山市,2019,河北省,唐山市
石志仁,河北乐亭,1955,河北省,唐山市
张文佑,河北唐山,1955,河北省,唐山市
李连捷,河北玉田,1955,河北省,唐山市
孟昭英,河北乐亭,1955,河北省,唐山市
宋叔和,河北迁安,1980,河北省,唐山市
王之卓,河北丰润,1980,河北省,唐山市
贾兰坡,河北玉田,1980,河北省,唐山市
吴德馨,河北乐亭,1991,河北省,唐山市
李季伦,河北乐亭,1995,河北省,唐山市
黄维,河北唐山,2011,河北省,唐山市
李兆申,河北省宁晋县,2017,河北省,邢台市
孔志印,河北省沙河市,2021,河北省,邢台市
尹赞勋,河北平乡,1955,河北省,邢台市
尹文英,河北平乡,1991,河北省,邢台市
黄春辉,河北邢台,2001,河北省,邢台市
于润沧,河北省（原察哈尔省）张家口市,1999,河北省,张家口市
王树新,河北省张家口市宣化区市,2021,河北省,张家口市
崔国良,河北省阳原县,1999,河北省,张家口市
杜彦良,河北省张家口市,2013,河北省,张家口市
王沙飞,河北省张家口市,2017,河北省,张家口市
宋玉泉,河北张北,1997,河北省,张家口市
张锁江,河南林州,2015,河南省,安阳市
宋保亮,河南林州,2021,河南省,安阳市
袁隆平,北平,1995,河南省,安阳市
张改平,河南省内黄县,2009,河南省,安阳市
郭文魁,河南安阳,1980,河南省,安阳市
曹天钦,北平,1983,河南省,安阳市
孙曼霁,河南安阳,1991,河南省,安阳市
王景唐,河南安阳,1991,河南省,安阳市
赵洪璋,河南淇县,1955,河南省,鹤壁市
翟明国,河南济源,2009,河南省,济源市
王光远,河南省温县,1994,河南省,焦作市
李同保,河南省温县,1994,河南省,焦作市
王梦恕,河南省温县,1995,河南省,焦作市
郭东明,河南省温县,2011,河南省,焦作市
曾庆存,广东阳江,1980,河南省,焦作市
傅恒志,河南省开封市,1995,河南省,开封市
朱晓东,河南省开封市,1996,河南省,开封市
朱晓东,河南省开封市,1996,河南省,开封市
何季麟,河南省开封市,2001,河南省,开封市
秉志,河南开封,1948,河南省,开封市
赵九章,河南开封,1955,河南省,开封市
常迵,河南开封,1980,河南省,开封市
阎锡蕴,河南开封,2015,河南省,开封市
李杰,河南开封,2021,河南省,开封市
李圭白,河南省偃师县,1995,河南省,洛阳市
李恒德,河南省洛阳市,1994,河南省,洛阳市
苏义脑,河南省洛阳市,2003,河南省,洛阳市
樊会涛,河南省汝阳县,2013,河南省,洛阳市
方心芳,河南临颖,1980,河南省,漯河
高济宇,河南舞阳,1980,河南省,漯河市
梁晓天,河南舞阳,1980,河南省,漯河市
杜祥琬,河南省南阳市（籍贯开封）,1997,河南省,南阳市
杜祥琬,河南省南阳市（籍贯开封）,1997,河南省,南阳市
陈凤桐,河南内乡,1955,河南省,南阳市
冯景兰,河南唐河,1957,河南省,南阳市
王占国,河南镇平,1995,河南省,南阳市
王光谦,河南镇平,2009,河南省,南阳市
袁晴棠,河南省南召市,1995,河南省,南阳市
袁晴棠,河南省南召市,1995,河南省,南阳市
余永富,河南省南召县,1995,河南省,南阳市
刘炯天,河南省西峡县,2009,河南省,南阳市
张勇传,河南省南阳市,1997,河南省,南阳市
杨廷宝,河南南阳,1955,河南省,南阳市
张国伟,河南南阳,1999,河南省,南阳市
申长雨,河南南阳,2009,河南省,南阳市
张清杰,河南西峡县,2017,河南省,南阳市
马大为,河南南阳,2019,河南省,南阳市
田红旗,河南省鲁山县,2015,河南省,平顶山市
何满潮,河南灵宝,2013,河南省,三门峡市
魏子卿,河南省睢县,1995,河南省,商丘市
丁奎岭,河南永城,2013,河南省,商丘市
席振峰,河南虞城县,2015,河南省,商丘市
李春昱,河南汲县,1980,河南省,新乡市
高为炳,河南卫辉,1991,河南省,新乡市
崔俊芝,河南省新乡市,1995,河南省,新乡市
赵振业,河南省原阳县,2005,河南省,新乡市
王颖,河南潢川,2001,河南省,信阳市
吴义强,河南省固始市,2021,河南省,信阳市
吴孔明,河南省固始县,2011,河南省,信阳市
王俊,河南省淮滨县,2019,河南省,信阳市
文圣常,河南光山,1993,河南省,信阳市
张培震,河南淮滨县,2013,河南省,信阳市
沈岩,主要从事,2003,河南省,许昌市
贺林,长期从事,2005,河南省,许昌市
金力,长期从事,2013,河南省,许昌市
张铁岗,河南省许昌市,2003,河南省,许昌市
张喜刚,河南省许昌市,2019,河南省,许昌市
魏宝文,河南禹州,1995,河南省,许昌市
谷德振,河南密县,1980,河南省,郑州
高振西,河南荥阳,1980,河南省,郑州市
张伯声,河南荥阳,1980,河南省,郑州市
卢肇钧,河南郑州,1991,河南省,郑州市
张统一,河南郑州,2011,河南省,郑州市
施一公,河南郑州,2013,河南省,郑州市
张新友,河南省太康县,2015,河南省,周口市
王复明,河南省周口市,2015,河南省,周口市
刘中民,河南省周口市,2015,河南省,周口市
张景中,河南汝南县,1995,河南省,驻马店市
李贺军,河南省驻马店市,2019,河南省,驻马店市
张学,黑龙江省肇州县,2019,黑龙江省,大庆市
武胜,黑龙江省阿城市,1999,黑龙江省,哈尔滨市
徐滨士,黑龙江省哈尔滨市,1995,黑龙江省,哈尔滨市
胡正寰,黑龙江省哈尔滨市,1997,黑龙江省,哈尔滨市
王琳芳,黑龙江省哈尔滨市,1997,黑龙江省,哈尔滨市
傅志寰,黑龙江省哈尔滨市,2001,黑龙江省,哈尔滨市
方滨兴,黑龙江省哈尔滨市,2005,黑龙江省,哈尔滨市
周玉,黑龙江省五常市,2009,黑龙江省,哈尔滨市
任南琪,黑龙江省哈尔滨市,2009,黑龙江省,哈尔滨市
彭永臻,黑龙江省哈尔滨市,2015,黑龙江省,哈尔滨市
凌文,黑龙江省哈尔滨市,2015,黑龙江省,哈尔滨市
乔杰,黑龙江省哈尔滨市,2017,黑龙江省,哈尔滨市
刘合,黑龙江省哈尔滨市,2017,黑龙江省,哈尔滨市
谭久彬,黑龙江省哈尔滨市,2017,黑龙江省,哈尔滨市
程杰成,黑龙江省五常市,2021,黑龙江省,哈尔滨市
孙殿卿,黑龙江哈尔滨,1980,黑龙江省,哈尔滨市
谢家麟,黑龙江哈尔滨,1980,黑龙江省,哈尔滨市
滕吉文,黑龙江哈尔滨,1999,黑龙江省,哈尔滨市
顾秉林,黑龙江哈尔滨,1999,黑龙江省,哈尔滨市
刘竹生,黑龙江哈尔滨,2009,黑龙江省,哈尔滨市
怀进鹏,黑龙江哈尔滨,2009,黑龙江省,哈尔滨市
王成善,黑龙江哈尔滨,2013,黑龙江省,哈尔滨市
周琪,黑龙江哈尔滨,2015,黑龙江省,哈尔滨市
姜杰,黑龙江哈尔滨,2015,黑龙江省,哈尔滨市
冷劲松,黑龙江哈尔滨,2021,黑龙江省,哈尔滨市
孙玉发,黑龙江省嫩江市,1999,黑龙江省,黑河市
赵振堂,黑龙江省密山市,2019,黑龙江省,鸡西市
王会军,黑龙江桦川县,2013,黑龙江省,佳木斯市
段广仁,黑龙江桦川县,2019,黑龙江省,佳木斯市
苏万华,黑龙江省佳木斯市,2011,黑龙江省,佳木斯市
张懿,黑龙江省牡丹江市,1999,黑龙江省,牡丹江市
杨德森,黑龙江省牡丹江市,2015,黑龙江省,牡丹江市
李贤玉,黑龙江省牡丹江市,2019,黑龙江省,牡丹江市
马军,黑龙江省牡丹江市,2019,黑龙江省,牡丹江市
孙立成,黑龙江东宁,2019,黑龙江省,牡丹江市
丛斌,黑龙江省齐齐哈尔市,2011,黑龙江省,齐齐哈尔市
岳清瑞,黑龙江省齐齐哈尔市,2017,黑龙江省,齐齐哈尔市
孙传尧,黑龙江省饶河县,2003,黑龙江省,双鸭山市
邓宗全,黑龙江省双鸭山市,2017,黑龙江省,双鸭山市
田永君,黑龙江友谊县,2017,黑龙江省,双鸭山市
王天然,黑龙江省海伦县,2003,黑龙江省,绥化市
唐立新,黑龙江省兰西市,2019,黑龙江省,绥化市
金东寒,黑龙江省绥化市,2009,黑龙江省,绥化市
邵安林,黑龙江省肇东市,2015,黑龙江省,绥化市
曹喜滨,黑龙江省肇东市,2019,黑龙江省,绥化市
王向明,黑龙江省绥化市,2021,黑龙江省,绥化市
孙玉,黑龙江省肇东县五站乡,1995,黑龙江省,肇东市
赵飞克,湖北鄂城,1955,湖北省,鄂州市
范维澄,湖北省鄂州市,2001,湖北省,鄂州市
毛新平,湖北省鄂州市,2015,湖北省,鄂州市
赵文津,天津,2001,湖北省,恩施土家族苗族自治州
陈焕春,湖北省恩施市,2003,湖北省,恩施土家族苗族自治州
张锡钧,天津,1955,湖北省,恩施土家族苗族自治州
陶亨咸,天津,1955,湖北省,恩施土家族苗族自治州
姜伯驹,天津,1980,湖北省,恩施土家族苗族自治州
魏寿昆,天津,1980,湖北省,恩施土家族苗族自治州
邢其毅,天津,1980,湖北省,恩施土家族苗族自治州
娄成后,天津,1980,湖北省,恩施土家族苗族自治州
罗沛霖,天津,1980,湖北省,恩施土家族苗族自治州
陈茹玉,天津,1980,湖北省,恩施土家族苗族自治州
叶笃正,天津,1980,湖北省,恩施土家族苗族自治州
关肇直,天津,1980,湖北省,恩施土家族苗族自治州
张存浩,天津,1980,湖北省,恩施土家族苗族自治州
刘宝珺,天津,1991,湖北省,恩施土家族苗族自治州
刘广均,天津,1991,湖北省,恩施土家族苗族自治州
王夔,天津,1991,湖北省,恩施土家族苗族自治州
孙家钟,天津,1991,湖北省,恩施土家族苗族自治州
陆婉珍,天津,1991,湖北省,恩施土家族苗族自治州
徐性初,天津,1993,湖北省,恩施土家族苗族自治州
伍小平,天津,1997,湖北省,恩施土家族苗族自治州
方肇伦,天津,1997,湖北省,恩施土家族苗族自治州
张彭熹,天津,1997,湖北省,恩施土家族苗族自治州
冯士筰,天津,1997,湖北省,恩施土家族苗族自治州
刘宝镛,天津,2001,湖北省,恩施土家族苗族自治州
张泽,天津,2001,湖北省,恩施土家族苗族自治州
程津培,天津,2001,湖北省,恩施土家族苗族自治州
陈润生,天津,2007,湖北省,恩施土家族苗族自治州
邹志刚,天津,2015,湖北省,恩施土家族苗族自治州
元英进,天津,2021,湖北省,恩施土家族苗族自治州
徐卫林,湖北省罗田市,2021,湖北省,黄冈市
南策文,湖北浠水县,2011,湖北省,黄冈市
王秋良,湖北黄冈浠水县,2019,湖北省,黄冈市
骆清铭,湖北蕲春县,2019,湖北省,黄冈市
朱英国,湖北省罗田县,2005,湖北省,黄冈市
瞿金平,湖北省黄梅县,2011,湖北省,黄冈市
喻树迅,湖北省麻城市,2011,湖北省,黄冈市
邓运华,湖北省红安县,2015,湖北省,黄冈市
汤佩松,湖北浠水,1948,湖北省,黄冈市
李四光,湖北黄冈,1948,湖北省,黄冈市
桂建芳,湖北黄梅,2013,湖北省,黄冈市
刘昌胜,湖北大冶县,2017,湖北省,黄石市
徐兵河,湖北省大冶市,2021,湖北省,黄石市
孔祥复,湖北阳新,1999,湖北省,黄石市
黄熙龄,湖北钟祥,1995,湖北省,荆门市
张明高,湖北省京山市,1999,湖北省,荆门市
樊明武,湖北省沙市区,1999,湖北省,荆州市
韩其为,湖北省松滋县,2001,湖北省,荆州市
朱光亚,湖北宜昌,1994,湖北省,荆州市
谢鉴衡,湖北省洪湖市,1995,湖北省,荆州市
潘垣,湖北宜昌,1997,湖北省,荆州市
官春云,湖北省荆州市,2001,湖北省,荆州市
叶声华,湖北省沙市,2003,湖北省,荆州市
丁烈云,湖北省洪湖市,2015,湖北省,荆州市
谢先启,湖北省洪湖市,2017,湖北省,荆州市
戴芳澜,湖北江陵,1948,湖北省,荆州市
王竹溪,湖北公安,1955,湖北省,荆州市
朱光亚,湖北宜昌,1980,湖北省,荆州市
张启发,湖北公安,1999,湖北省,荆州市
徐涛,湖北宜昌,2017,湖北省,荆州市
王焰新,湖北宜昌,2019,湖北省,荆州市
张旭,湖北荆州,2021,湖北省,荆州市
唐本忠,湖北潜江,2009,湖北省,潜江市
熊远著,湖北省竹山县,1999,湖北省,十堰市
邓子新,湖北房县,2005,湖北省,十堰市
傅正义,湖北省随州市,2021,湖北省,随州市
欧阳明高,湖北天门县,2017,湖北省,天门市
张联盟,湖北省天门市,2017,湖北省,天门市
田金洲,湖北省天门市,2021,湖北省,天门市
万卫星,湖北天门,2011,湖北省,天门市
龙乐豪,湖北省武汉市汉阳县,2001,湖北省,武汉市
恽子强,湖北武昌,1955,湖北省,武汉市
涂治,湖北黄陂,1955,湖北省,武汉市
涂长望,湖北汉口,1955,湖北省,武汉市
彭少逸,湖北武昌,1980,湖北省,武汉市
陈庆宣,湖北黄陂,1991,湖北省,武汉市
宋振骐,湖北汉阳,1991,湖北省,武汉市
赵玉芬,湖北汉口,1991,湖北省,武汉市
郭慕孙,湖北汉阳,1997,湖北省,武汉市
万惠霖,湖北汉口,1997,湖北省,武汉市
周邦新,湖北省武昌市,1995,湖北省,武汉市
刘永坦,湖北省武汉市,1994,湖北省,武汉市
石元春,湖北省武汉市,1994,湖北省,武汉市
戚元靖,湖北省武汉,1994,湖北省,武汉市
黄宗道,湖北省武汉,1997,湖北省,武汉市
梁骏吾,武汉,1997,湖北省,武汉市
刘业翔,湖北省武汉市,1997,湖北省,武汉市
孟兆祯,湖北省武汉市,1999,湖北省,武汉市
闻立时,湖北省武汉市,1999,湖北省,武汉市
吴明珠,湖北省武汉市,1999,湖北省,武汉市
王家耀,湖北省武汉市,2001,湖北省,武汉市
李培根,湖北省武汉市,2003,湖北省,武汉市
叶奇蓁,湖北省武汉市,2003,湖北省,武汉市
姜德生,湖北省武汉市,2007,湖北省,武汉市
胡盛寿,湖北省武汉市,2013,湖北省,武汉市
桂卫华,湖北省武汉市,2013,湖北省,武汉市
郭剑波,湖北省武汉市,2013,湖北省,武汉市
余少华,湖北武汉,2015,湖北省,武汉市
吴光辉,湖北省武汉市,2017,湖北省,武汉市
徐青,湖北省武汉市,2019,湖北省,武汉市
饶宏,湖北省武汉市,2021,湖北省,武汉市
陈松林,湖北省武汉市,2021,湖北省,武汉市
王大珩,日本东京,1955,湖北省,武汉市
陈冠荣,湖北武汉,1980,湖北省,武汉市
石元春,湖北武汉,1991,湖北省,武汉市
赵其国,湖北武汉,1991,湖北省,武汉市
童庆禧,湖北武汉,1997,湖北省,武汉市
陈和生,湖北武汉,2005,湖北省,武汉市
程时杰,湖北武汉,2007,湖北省,武汉市
郑晓静,湖北武汉,2009,湖北省,武汉市
张学敏,湖北武汉,2011,湖北省,武汉市
陈子江,湖北武汉,2019,湖北省,武汉市
董晨,湖北武汉,2019,湖北省,武汉市
周翔,湖北武汉,2021,湖北省,武汉市
邓军,湖北武汉,2021,湖北省,武汉市
罗俊,湖北沔阳县,2009,湖北省,仙桃市
王明洋,湖北省仙桃市,2021,湖北省,仙桃市
张志愿,江苏省吴江县,2015,湖北省,咸宁市
殷之文,江苏吴县,1993,湖北省,咸宁市
王志珍,江苏吴县,2001,湖北省,咸宁市
张高勇,湖北省咸宁市,1997,湖北省,咸宁市
沈善炯,江苏吴江,1980,湖北省,咸宁市
冯新德,江苏吴江,1980,湖北省,咸宁市
杨嘉墀,江苏吴江,1980,湖北省,咸宁市
刘建康,江苏吴江,1980,湖北省,咸宁市
郝诒纯,湖北咸宁,1980,湖北省,咸宁市
程开甲,江苏吴江,1980,湖北省,咸宁市
汪集旸,江苏吴江,1995,湖北省,咸宁市
毛明,湖北咸宁,2019,湖北省,咸宁市
张景钺,湖北光化,1948,湖北省,襄阳市
熊有伦,湖北枣阳,1995,湖北省,襄阳市
胡亚安,湖北省云梦县,2021,湖北省,孝感市
李玶,湖北省大悟县,1999,湖北省,孝感市
李仲平,湖北省安陆市,2013,湖北省,孝感市
池际尚,湖北安陆,1980,湖北省,孝感市
郭令智,湖北安陆,1993,湖北省,孝感市
夏军,湖北孝感,2015,湖北省,孝感市
周又和,湖北汉川,2021,湖北省,孝感市
向涛,湖北兴山县,2013,湖北省,宜昌市
王明庥,湖北省枝江市,1994,湖北省,宜昌市
翟光明,湖北省宜昌市,1995,湖北省,宜昌市
翟光明,湖北省宜昌市,1995,湖北省,宜昌市
卢世璧,湖北省宜昌市,1996,湖北省,宜昌市
杨弘远, 杨弘远（1933.9.26-2010.11.18），植物学家。原籍湖南长沙。1954年毕业于武汉大学生物系。曾任武汉大学教授。1991年当选为中国科学院院士（学部委员）。与合作者首次揭示了未传粉子房与胚珠培养诱导的水稻助细胞无配子生殖和向日葵卵细胞孤雌生殖现象，为由雌性细胞诱导单倍体植株提供了理论依据。围绕胚囊结构与功能问题进行了超微结构与细胞化学研究。在精细胞分离，卵细胞与合子分离和培养，花粉原生质体和脱外壁花粉的培养、融合和转化等操作系统的建立及有关细胞生物学研究方面开展了系统的研究。正在进行植物受精前后与早期胚胎发生过程中基因表达的研究。　　,1991,湖南,长沙
夏培肃,四川重庆,1991,湖南省,常德市
刘更另,湖南省桃源,1994,湖南省,常德市
姚绍福,湖南省桃源县,1997,湖南省,常德市
张心湜,湖南省常德市,2001,湖南省,常德市
雷志栋,湖南省澧县,2007,湖南省,常德市
张尧学,湖南省澧县,2007,湖南省,常德市
康绍忠,湖南省桃源县,2011,湖南省,常德市
印遇龙,湖南省桃源县,2013,湖南省,常德市
孙逢春,湖南省临澧县,2017,湖南省,常德市
黄小卫,湖南省常德市,2017,湖南省,常德市
王振国,湖南省常德市,2017,湖南省,常德市
刘良,湖南省汉寿县,2019,湖南省,常德市
孟少农,湖南桃源,1980,湖南省,常德市
黄宏嘉,湖南临澧,1980,湖南省,常德市
朱作言,湖南澧县,1997,湖南省,常德市
沈绪榜,湖南临澧,1997,湖南省,常德市
贺福初,湖南澧县,2001,湖南省,常德市
彭孝军,湖南澧县,2017,湖南省,常德市
邵明安,湖南常德,2017,湖南省,常德市
肖文交,湖南汉寿,2019,湖南省,常德市
李星学,湖南郴县,1980,湖南省,郴州市
刘昌孝,湖南省永兴县,2003,湖南省,郴州市
邓秀新,湖南省宜章县,2007,湖南省,郴州市
袁亚湘,湖南资兴,2011,湖南省,郴州市
周向宇,湖南郴州,2013,湖南省,郴州市
方智远,湖南省省衡阳市,1995,湖南省,衡阳市
黄伯云,湖南省南县市,1999,湖南省,衡阳市
周后元,湖南省衡南县,1994,湖南省,衡阳市
刘大响,湖南省祁东县,1995,湖南省,衡阳市
谭靖夷,湖南省衡阳县,1997,湖南省,衡阳市
蒋洪德,湖南省衡阳市,1999,湖南省,衡阳市
王瑞珠,湖南省衡阳市,2003,湖南省,衡阳市
聂建国,湖南省衡阳市,2013,湖南省,衡阳市
邹学校,湖南省衡阳县,2017,湖南省,衡阳市
刘仲华,湖南省衡阳市,2019,湖南省,衡阳市
肖纪美,湖南凤凰,1980,湖南省,衡阳市
廖山涛,湖南衡山,1986,湖南省,衡阳市
赵淳生,湖南衡山,2005,湖南省,衡阳市
安芷生,湖南芷江,1991,湖南省,怀化市
赵政国,湖南靖县,2013,湖南省,怀化市
周建平,湖南省沅陵县,2013,湖南省,怀化市
刘耕陶,湖南省双峰县,1994,湖南省,娄底市
曾苏民,湖南省双峰县,1999,湖南省,娄底市
谢和平,湖南省双峰县,2001,湖南省,娄底市
张信威,湖南省涟源市,2005,湖南省,娄底市
廖湘科,湖南省涟源市,2015,湖南省,娄底市
谢建新,湖南省双峰县,2015,湖南省,娄底市
刘永坚,湖南省冷水江市,2017,湖南省,娄底市
王汉中,湖南省涟源市,2017,湖南省,娄底市
周刚,湖南省涟源市,2021,湖南省,娄底市
邓起东,湖南双峰,2003,湖南省,娄底市
曾益新,湖南涟源,2005,湖南省,娄底市
段文晖,湖南冷水江,2017,湖南省,娄底市
钟训正,湖南省武冈县,1997,湖南省,邵阳市
刘筠,湖南省武冈,1995,湖南省,邵阳市
李国杰,湖南省邵阳市,1995,湖南省,邵阳市
郑健龙,湖南省邵东县,2015,湖南省,邵阳市
蒋建新,湖南省新宁县,2021,湖南省,邵阳市
李薰,湖南邵阳,1955,湖南省,邵阳市
刘敦桢,湖南新宁,1955,湖南省,邵阳市
魏荣爵,湖南邵阳,1980,湖南省,邵阳市
李钧,湖南邵阳,1991,湖南省,邵阳市
唐守正,湖南邵东,1995,湖南省,邵阳市
李述汤,湖南邵东,2005,湖南省,邵阳市
毛军发,湖南邵阳县,2017,湖南省,邵阳市
谢道昕,湖南邵阳,2019,湖南省,邵阳市
戴永久,湖南邵阳,2019,湖南省,邵阳市
王赤,湖南邵阳,2019,湖南省,邵阳市
于登云,湖南绥宁县,2021,湖南省,邵阳市
陈仙辉,湖南湘潭县,2015,湖南省,湘潭市
彭先觉,湖南省湘潭县,1999,湖南省,湘潭市
谭天伟,湖南省湘潭市,2011,湖南省,湘潭市
陈政清,湖南省湘潭市,2015,湖南省,湘潭市
陈湘生,湖南省湘潭市,2017,湖南省,湘潭市
曾昭抡,湖南湘乡,1948,湖南省,湘潭市
杨国桢,湖南湘潭,1999,湖南省,湘潭市
陈星旦,湖南湘乡,1999,湖南省,湘潭市
舒德干,湖南湘潭,2011,湖南省,湘潭市
王松灵,湖南湘乡,2019,湖南省,湘潭市
彭司勋,湖南省保靖市,1996,湖南省,湘西土家族苗族自治州
李文采,湖南永顺,1955,湖南省,湘西土家族苗族自治州
陆启铿,广东佛山,1980,湖南省,湘西土家族苗族自治州
庞雄飞,广东佛山,1997,湖南省,湘西土家族苗族自治州
杨长风,湖南省益阳市南县,2021,湖南省,益阳市
文伏波,湖南省桃江县,1994,湖南省,益阳市
龙驭球,湖南省安化县,1995,湖南省,益阳市
潘自强,湖南省益阳市,1997,湖南省,益阳市
夏家辉,湖南省益阳市,1999,湖南省,益阳市
周绪红,湖南省南县,2011,湖南省,益阳市
丁夏畦,湖南益阳,1991,湖南省,益阳市
艾国祥,湖南益阳,1993,湖南省,益阳市
陈庆云,湖南沅江,1993,湖南省,益阳市
谭蔚泓,湖南益阳,2015,湖南省,益阳市
王梓坤,湖南零陵,1991,湖南省,永州市
欧进萍,湖南省宁远县,2003,湖南省,永州市
柏连阳,湖南省永州市,2021,湖南省,永州市
谢义炳,湖南新田,1980,湖南省,永州市
胡瑞忠,湖南永州,2021,湖南省,永州市
钟志华,湖南省湘阴市,2005,湖南省,岳阳市
傅依备,湖南省岳阳县,2001,湖南省,岳阳市
马克俭,湖南省岳阳市,2007,湖南省,岳阳市
向锦武,湖南省平江县,2019,湖南省,岳阳市
尹飞虎,湖南省平江县,2021,湖南省,岳阳市
魏曦,湖南岳阳,1955,湖南省,岳阳市
杨孟飞,湖南湘阴,2017,湖南省,岳阳市
田奇隽,湖南张家界(原大庸县),1955,湖南省,张家界市
陈能宽,湖南慈利,1980,湖南省,张家界市
方俊,广州,1980,湖南省,张家界市
余国琮,广州,1991,湖南省,张家界市
郑平,广州,2011,湖南省,张家界市
宋尔卫,广州,2019,湖南省,张家界市
范云六,"湖南省长沙市,1952年毕业于武汉大学农学院农业化学系,1960年毕业于苏联列宁格勒大学生物系微生物学专业,获苏联列宁格勒大学生物系副博士学位",1997,湖南省,长沙市
宋君强,湖南省宁乡市,2013,湖南省,长沙市
张平文,湖南长沙县,2015,湖南省,长沙市
龚新高,湖南长沙县,2017,湖南省,长沙市
黎鳌,湖南省浏阳县,1994,湖南省,长沙市
黎磊石,湖南长沙,1994,湖南省,长沙市
沈志云,湖南省长沙县,1994,湖南省,长沙市
何继善,湖南省长沙市,1994,湖南省,长沙市
何继善,湖南省长沙市,1994,湖南省,长沙市
朱建士,湖南省长沙市,1995,湖南省,长沙市
张履谦,湖南省长沙市,1995,湖南省,长沙市
俞大光,湖南省长沙市,1995,湖南省,长沙市
黎介寿,湖南省长沙市,1996,湖南省,长沙市
曾广商,湖南省长沙市,1999,湖南省,长沙市
朱之悌,湖南省长沙市,1999,湖南省,长沙市
赵煦,湖南省浏阳市,2001,湖南省,长沙市
周宏灏,湖南省长沙市,2005,湖南省,长沙市
任辉启,湖南省长沙市,2015,湖南省,长沙市
罗安,湖南省长沙市,2015,湖南省,长沙市
陈晓红,湖南省长沙市,2017,湖南省,长沙市
聂祚仁,湖南省长沙市,2017,湖南省,长沙市
刘少军,湖南省长沙市,2019,湖南省,长沙市
朱坤,湖南省长沙市,2021,湖南省,长沙市
张孝骞,湖南长沙,1948,湖南省,长沙市
雷天觉,湖南浏阳,1955,湖南省,长沙市
周光召,湖南长沙,1980,湖南省,长沙市
黄祖洽,湖南长沙,1980,湖南省,长沙市
曹建猷,湖南长沙,1980,湖南省,长沙市
肖健,湖南长沙,1980,湖南省,长沙市
唐稚松,湖南长沙,1991,湖南省,长沙市
沈志云,湖南长沙,1991,湖南省,长沙市
陈耀祖,湖南长沙,1991,湖南省,长沙市
丑纪范,湖南长沙,1993,湖南省,长沙市
宋家树,湖南长沙,1993,湖南省,长沙市
刘昌明,湖南长沙,1995,湖南省,长沙市
陈希孺,湖南望城,1997,湖南省,长沙市
周其凤,湖南浏阳,1999,湖南省,长沙市
曹镛,湖南长沙,2001,湖南省,长沙市
陈文新,湖南浏阳,2001,湖南省,长沙市
张友尚,湖南长沙,2001,湖南省,长沙市
陈大可,湖南长沙,2015,湖南省,长沙市
张跃,湖南长沙,2019,湖南省,长沙市
黎湘,湖南长沙,2021,湖南省,长沙市
谭铁牛,湖南茶陵县,2013,湖南省,株洲市
罗锡文,湖南省株洲市,2009,湖南省,株洲市
王双飞,湖南省攸县,2021,湖南省,株洲市
单杨,湖南省株洲市,2021,湖南省,株洲市
汤飞凡,湖南醴陵,1957,湖南省,株洲市
苏纪兰,湖南攸县,1991,湖南省,株洲市
陈国强,湖南攸县,2015,湖南省,株洲市
栾恩杰,吉林省白城地区市,2009,吉林省,白城市
刘正东,内蒙突泉（原属吉林白城）,2019,吉林省,白城市
徐惠彬,吉林省大安市,2011,吉林省,白城市
岳希新,吉林吉林,1980,吉林省,吉林市
贲德,吉林省九台市,2001,吉林省,吉林市
周济,吉林省九台县,2017,吉林省,吉林市
周廉,吉林省舒兰县,1994,吉林省,吉林市
王泽山,吉林省吉林市,1999,吉林省,吉林市
何友,吉林省磐石市,2013,吉林省,吉林市
黄庆学,吉林省舒兰市,2017,吉林省,吉林市
许唯临,吉林省吉林市,2021,吉林省,吉林市
王云鹏,吉林省舒兰市,2021,吉林省,吉林市
冯守华,吉林磐石,2005,吉林省,吉林市
刘忠范,吉林九台,2011,吉林省,吉林市
王立军,吉林舒兰,2013,吉林省,吉林市
巴德年,吉林省四平市,1994,吉林省,四平市
巴德年,吉林省四平市,1994,吉林省,四平市
王玉明,吉林省梨树县,2003,吉林省,四平市
安立佳,吉林前郭县,2015,吉林省,松原市
杨宝峰,吉林省松原市,2009,吉林省,松原市
林君,吉林通化,2019,吉林省,通化市
杨宏,吉林省通化市,2021,吉林省,通化市
刘益春,吉林辉南县,2021,吉林省,通化市
郎景和,吉林省珲春市,2011,吉林省,延边朝鲜族自治州
姜景山,吉林省龙井市,1999,吉林省,延边朝鲜族自治州
金宁一,吉林省龙井市,2015,吉林省,延边朝鲜族自治州
方忠,湖北,2019,吉林省,延边朝鲜族自治州
朴世龙,吉林龙井,2021,吉林省,延边朝鲜族自治州
于本水,吉林省长春市九台区,2001,吉林省,长春市
李天,吉林吉林,2005,吉林省,长春市
郑婉华,吉林吉林,2021,吉林省,长春市
曲久辉,吉林省农安市,2009,吉林省,长春市
张涤生,吉林长春市,1996,吉林省,长春市
蔡鹤皋,吉林省长春市,1997,吉林省,长春市
高金吉,吉林省长春市,1999,吉林省,长春市
刘永才,吉林省长春市,2009,吉林省,长春市
李骏,吉林省长春市,2013,吉林省,长春市
彭桓武,吉林长春,1948,吉林省,长春市
马杏垣,吉林长春,1980,吉林省,长春市
马宗晋,吉林长春,1991,吉林省,长春市
高玉臣,吉林长春,2001,吉林省,长春市
邹广田,吉林长春,2001,吉林省,长春市
江雷,吉林长春,2009,吉林省,长春市
赵玉沛,吉林长春,2011,吉林省,长春市
赫捷,吉林长春,2013,吉林省,长春市
张洪杰,吉林榆树,2013,吉林省,长春市
金红光,吉林长春,2013,吉林省,长春市
高锐,吉林长春,2015,吉林省,长春市
陈学思,吉林长春,2019,吉林省,长春市
仝小林,吉林长春,2019,吉林省,长春市
李景虹,吉林长春,2019,吉林省,长春市
邹冰松,吉林长春,2021,吉林省,长春市
迟力峰,吉林长春,2021,吉林省,长春市
马於光,吉林长春,2021,吉林省,长春市
孙军,吉林长春,2021,吉林省,长春市
史轶蘩,江苏省溧阳县,1996,江苏省,常州市
吴德昌,江苏武进,1994,江苏省,常州市
侯云德,江苏省常州市,1994,江苏省,常州市
吴阶平,江苏常州,1995,江苏省,常州市
徐旭常,江苏省常州市,1995,江苏省,常州市
梅自强,江苏省常州市,1995,江苏省,常州市
陆孝彭,江苏省常州市,1995,江苏省,常州市
刘伯里,江苏省常州市,1997,江苏省,常州市
蒋亦元,江苏省常州市,1997,江苏省,常州市
顾冠群,江苏省常州市,1997,江苏省,常州市
蒋士成,江苏省常州市,1999,江苏省,常州市
蒋士成,江苏省常州市,1999,江苏省,常州市
刘大钧,江苏省常州市,1999,江苏省,常州市
沈国荣,江苏省常州市,1999,江苏省,常州市
李猷嘉,江苏省常州市,2001,江苏省,常州市
丁伯南,江苏武进,2003,江苏省,常州市
程顺和,江苏省溧阳市,2005,江苏省,常州市
张全兴,江苏省常州市,2007,江苏省,常州市
臧克茂,江苏省常州市,2007,江苏省,常州市
许庆瑞,江苏省常州市,2007,江苏省,常州市
谢剑平,江苏省常州市,2011,江苏省,常州市
王建国,江苏省常州市,2015,江苏省,常州市
蒋剑春,江苏省溧阳市,2017,江苏省,常州市
华罗庚,江苏金坛,1948,江苏省,常州市
秦仁昌,江苏武进,1955,江苏省,常州市
孟宪民,江苏武进,1955,江苏省,常州市
蔡邦华,江苏溧阳,1955,江苏省,常州市
吴学蔺,江苏武进,1955,江苏省,常州市
吕保维,江苏常州,1980,江苏省,常州市
庄逢甘,江苏常州,1980,江苏省,常州市
吴旻,江苏常州,1980,江苏省,常州市
蔡旭,江苏武进,1980,江苏省,常州市
杨澄中,江苏武进,1980,江苏省,常州市
吴汝康,江苏武进,1980,江苏省,常州市
孙枢,江苏金坛,1989,江苏省,常州市
徐至展,江苏常州,1991,江苏省,常州市
翟中和,江苏溧阳,1991,江苏省,常州市
汤定元,江苏金坛,1991,江苏省,常州市
吴阶平,江苏常州,1992,江苏省,常州市
许学彦,江苏武进,1993,江苏省,常州市
沈学础,江苏溧阳,1995,江苏省,常州市
朱森元,江苏溧阳,1995,江苏省,常州市
郑厚植,江苏常州,1995,江苏省,常州市
冯纯伯,江苏金坛,1995,江苏省,常州市
王志新,江苏金坛,1997,江苏省,常州市
陶宝祺,江苏常州,1999,江苏省,常州市
庄逢辰,江苏常州,2001,江苏省,常州市
周远,江苏金坛,2003,江苏省,常州市
吴云东,江苏溧阳,2005,江苏省,常州市
赵进东,江苏武进,2007,江苏省,常州市
张肇西,广西,2011,江苏省,常州市
蒋华良,江苏常州,2017,江苏省,常州市
费爱国,江苏省清江市,2013,江苏省,淮安市
穆恩之,江苏丰县,1980,江苏省,淮安市
郭华东,江苏丰县,2011,江苏省,淮安市
施剑林,江苏太仓县,2019,江苏省,淮安市
贾金锋,江苏金湖县,2021,江苏省,淮安市
程莘农,江苏省淮安市,1994,江苏省,淮安市
黄胜年,江苏太仓,1991,江苏省,淮安市
沈其韩,江苏淮阴,1991,江苏省,淮安市
陈鉴远,江苏淮安,1993,江苏省,淮安市
顾逸东,江苏淮安,2005,江苏省,淮安市
邵峰,江苏淮安,2015,江苏省,淮安市
陈吉余,江苏灌云县,1999,江苏省,连云港市
汪德昭,江苏灌云,1957,江苏省,连云港市
徐红星,江苏灌云县,2017,江苏省,连云港市
董家鸿,江苏省灌云县,2017,江苏省,连云港市
饶子和,主要从事与,2003,江苏省,南京市
宫先仪,江苏省江宁市,2001,江苏省,南京市
周仁,江苏江宁,1948,江苏省,南京市
杨立铭,江苏溧水,1991,江苏省,南京市
张平,江苏高淳县,2021,江苏省,南京市
胡之璧,江苏省南京市,1994,江苏省,南京市
丁衡高,江苏省南京市,1994,江苏省,南京市
赵仁恺,江苏南京,1994,江苏省,南京市
李泽椿,江苏省南京市,1995,江苏省,南京市
吴良镛,江苏省南京市,1995,江苏省,南京市
钟南山,江苏省南京市,1996,江苏省,南京市
金翔龙,江苏省南京市,1997,江苏省,南京市
乔登江,南京市,1997,江苏省,南京市
李正邦,江苏省南京市,1999,江苏省,南京市
郑南宁,江苏省南京市,1999,江苏省,南京市
郑南宁,江苏省南京市,1999,江苏省,南京市
邱中建,江苏省南京市,1999,江苏省,南京市
茆智,江苏省南京市,2003,江苏省,南京市
程泰宁,江苏省南京市,2005,江苏省,南京市
邓中翰,江苏省南京市,2009,江苏省,南京市
王如松,江苏省南京市,2011,江苏省,南京市
段宁,江苏省南京市,2011,江苏省,南京市
陈勇,江苏省南京市,2013,江苏省,南京市
孔宪京,江苏省南京市,2017,江苏省,南京市
王自力,江苏省南京市,2021,江苏省,南京市
林鸣,江苏省南京市,2021,江苏省,南京市
蒋建东,江苏省南京市,2021,江苏省,南京市
高宗余,江苏省南京市,2021,江苏省,南京市
肖伟,江苏省南京市,2021,江苏省,南京市
戴元本,江苏南京,1980,江苏省,南京市
查全性,江苏南京,1980,江苏省,南京市
顾知微,江苏南京,1980,江苏省,南京市
冯康,江苏南京,1980,江苏省,南京市
高怡生,江苏南京,1980,江苏省,南京市
业治铮,江苏南京,1980,江苏省,南京市
吴良镛,江苏南京,1980,江苏省,南京市
刘永坦,江苏南京,1991,江苏省,南京市
姜圣阶,长春,1991,江苏省,南京市
经福谦,江苏南京,1991,江苏省,南京市
孙钟秀,江苏南京,1991,江苏省,南京市
汪耕,江苏南京,1991,江苏省,南京市
张弥曼,江苏南京,1991,江苏省,南京市
张滂,江苏南京,1991,江苏省,南京市
陈梦熊,江苏南京,1991,江苏省,南京市
徐僖,江苏南京,1991,江苏省,南京市
赵仁恺,江苏南京,1991,江苏省,南京市
王水,江苏南京,1993,江苏省,南京市
齐康,江苏南京,1993,江苏省,南京市
汪承灏,江苏南京,2001,江苏省,南京市
田刚,江苏南京,2001,江苏省,南京市
陈旭,江苏南京,2003,江苏省,南京市
龚昌德,江苏南京,2005,江苏省,南京市
祝世宁,江苏南京,2007,江苏省,南京市
周其林,江苏南京,2009,江苏省,南京市
李林,江苏南京,2011,江苏省,南京市
蒲慕明,江苏南京,2011,江苏省,南京市
吕建,江苏南京,2013,江苏省,南京市
尹浩,江苏南京,2013,江苏省,南京市
欧阳颀,江苏南京,2013,江苏省,南京市
黄如,江苏南京,2015,江苏省,南京市
王贻芳,江苏南京,2015,江苏省,南京市
谢心澄,江苏南京,2015,江苏省,南京市
段进,江苏南京,2019,江苏省,南京市
李献华,江苏南京,2019,江苏省,南京市
王怀民,江苏南京,2019,江苏省,南京市
史生才,江苏南京,2021,江苏省,南京市
顾宁,江苏南京,2021,江苏省,南京市
刘加平,江苏省南通海安市,2021,江苏省,南通市
管惟炎,江苏如东,1980,江苏省,南通市
顾东风,江苏启东,2017,江苏省,南通市
丁赤飚,江苏如东县,2021,江苏省,南通市
丁传贤,江苏省海门市,1995,江苏省,南通市
韩德馨,江苏省如皋县,1995,江苏省,南通市
杨裕生,江苏省如皋县,1995,江苏省,南通市
王震西,江苏省海门市,1995,江苏省,南通市
邱竹贤,江苏省海门市,1995,江苏省,南通市
林祥棣,江苏省南通市,1997,江苏省,南通市
吴慰祖,江苏省南通市,1999,江苏省,南通市
黄先祥,江苏省如东县,1999,江苏省,南通市
姚穆,江苏省南通市,2001,江苏省,南通市
黄卫,江苏省南通市,2007,江苏省,南通市
蔡美峰,江苏省如东县,2013,江苏省,南通市
顾晓松,江苏省南通市,2015,江苏省,南通市
徐玉如,江苏省如皋市,2003,江苏省,南通市
张洪程,江苏通州,2015,江苏省,南通市
沈洪兵,江苏省启东市,2019,江苏省,南通市
孙友宏,江苏省如皋市,2021,江苏省,南通市
袁翰青,江苏南通,1955,江苏省,南通市
杨乐,江苏南通,1980,江苏省,南通市
蔡金涛,江苏南通,1980,江苏省,南通市
胡济民,江苏如皋,1980,江苏省,南通市
施雅风,江苏海门,1980,江苏省,南通市
黄耀曾,江苏南通,1980,江苏省,南通市
徐冠仁,江苏南通,1980,江苏省,南通市
袁见齐,江苏海门,1980,江苏省,南通市
保铮,江苏南通,1991,江苏省,南通市
闵乃本,江苏如皋,1991,江苏省,南通市
严志达,江苏南通,1993,江苏省,南通市
李大潜,江苏南通,1995,江苏省,南通市
印象初,江苏海门,1995,江苏省,南通市
马瑾,江苏如皋,1997,江苏省,南通市
陈达,江苏通州,2001,江苏省,南通市
周成虎,江苏海安,2013,江苏省,南通市
陆建华,江苏南通,2015,江苏省,南通市
朱美芳,江苏如皋,2019,江苏省,南通市
万宝年,江苏海安,2021,江苏省,南通市
邓锡铭,广东东菀,1993,江苏省,苏州市
殷震,江苏省吴县,1995,江苏省,苏州市
李庆忠,江苏省昆山县,1995,江苏省,苏州市
屈梁生,江苏省常熟市（县）,2003,江苏省,苏州市
殷瑞钰,江苏省苏州市,1994,江苏省,苏州市
殷瑞钰,江苏省苏州市,1994,江苏省,苏州市
宋鸿钊,江苏省苏州市,1994,江苏省,苏州市
周干峙,江苏苏州,1994,江苏省,苏州市
顾健人,江苏省苏州市,1994,江苏省,苏州市
顾诵芬,江苏省苏州市,1994,江苏省,苏州市
钱七虎,江苏省昆山市,1994,江苏省,苏州市
钱七虎,江苏省昆山市,1994,江苏省,苏州市
张光斗,江苏省常熟,1994,江苏省,苏州市
唐孝炎,江苏省太仓市,1995,江苏省,苏州市
时铭显,江苏省常熟市,1995,江苏省,苏州市
张钟华,江苏省苏州市,1995,江苏省,苏州市
顾懋祥,江苏省太仓,1995,江苏省,苏州市
黄崇祺,江苏省常熟市,1997,江苏省,苏州市
蔡吉人,江苏省苏州市,1997,江苏省,苏州市
赵铠,江苏省苏州市,1997,江苏省,苏州市
刘守仁,江苏省苏州市,1999,江苏省,苏州市
于文虎,江苏省苏州市,1999,江苏省,苏州市
施仲衡,江苏省苏州市,1999,江苏省,苏州市
龚知本,江苏省太仓市,2003,江苏省,苏州市
陈祥宝,江苏省常熟市,2011,江苏省,苏州市
陆军,江苏省苏州市,2017,江苏省,苏州市
沈政昌,江苏省常熟市,2021,江苏省,苏州市
李强,江苏常熟,1955,江苏省,苏州市
张青莲,江苏常熟,1955,江苏省,苏州市
戴松恩,江苏常熟,1955,江苏省,苏州市
王淦昌,江苏常熟,1955,江苏省,苏州市
夏坚白,江苏常熟,1955,江苏省,苏州市
周同庆,江苏昆山,1955,江苏省,苏州市
张光斗,江苏常熟,1955,江苏省,苏州市
顾翼东,江苏苏州,1980,江苏省,苏州市
陆宝麟,江苏常熟,1980,江苏省,苏州市
何泽慧,江苏苏州,1980,江苏省,苏州市
时钧,江苏常熟,1980,江苏省,苏州市
谈镐生,江苏苏州,1980,江苏省,苏州市
王守武,江苏苏州,1980,江苏省,苏州市
李敏华,江苏苏州,1980,江苏省,苏州市
程民德,江苏苏州,1980,江苏省,苏州市
李竞雄,江苏苏州,1980,江苏省,苏州市
钱人元,江苏常熟,1980,江苏省,苏州市
姚錱,江苏常熟,1980,江苏省,苏州市
冯端,江苏苏州,1980,江苏省,苏州市
汪闻韶,江苏苏州,1980,江苏省,苏州市
郑国锠,江苏常熟,1980,江苏省,苏州市
苏肇冰,江苏苏州,1991,江苏省,苏州市
潘承洞,江苏苏州,1991,江苏省,苏州市
丁大钊,江苏苏州,1991,江苏省,苏州市
孙钧,江苏苏州,1991,江苏省,苏州市
姚熹,江苏苏州,1991,江苏省,苏州市
汪品先,江苏苏州,1991,江苏省,苏州市
周干峙,江苏苏州,1991,江苏省,苏州市
姚开泰,江苏昆山,1991,江苏省,苏州市
顾诵芬,江苏苏州,1991,江苏省,苏州市
曹楚南,江苏常熟,1991,江苏省,苏州市
陆熙炎,江苏苏州,1991,江苏省,苏州市
吴传钧,江苏苏州,1991,江苏省,苏州市
章申,江苏常熟,1993,江苏省,苏州市
程耿东,江苏苏州,1995,江苏省,苏州市
徐国钧,江苏常熟,1995,江苏省,苏州市
徐晓白,江苏苏州,1995,江苏省,苏州市
童秉纲,江苏张家港,1997,江苏省,苏州市
薛永祺,江苏张家港,1999,江苏省,苏州市
陆埮,江苏常熟,2003,江苏省,苏州市
王家骐,江苏苏州,2005,江苏省,苏州市
陈志明,江苏苏州,2017,江苏省,苏州市
樊嘉,江苏昆山,2017,江苏省,苏州市
徐义刚,江苏常熟,2017,江苏省,苏州市
樊春海,江苏张家港,2019,江苏省,苏州市
朱敏,江苏苏州,2021,江苏省,苏州市
周国治,南京,1995,江苏省,宿迁市
孙义燧,南京,1997,江苏省,宿迁市
秦国刚,南京,2001,江苏省,宿迁市
刘秀梵,江苏省靖江市（县）,2005,江苏省,泰州市
缪昌文,江苏省姜堰市,2011,江苏省,泰州市
李德群,江苏省泰县,2015,江苏省,泰州市
李德仁,江苏省泰州市,1994,江苏省,泰州市
常印佛,江苏省泰兴市,1994,江苏省,泰州市
张启先,江苏靖江,1995,江苏省,泰州市
侯德原,江苏省泰州市,1995,江苏省,泰州市
童铠,江苏省泰州市,1997,江苏省,泰州市
卢锡城,江苏省靖江市,1999,江苏省,泰州市
李德毅,江苏省泰州市,1999,江苏省,泰州市
陈学庚,江苏省泰兴市,2013,江苏省,泰州市
曹福亮,江苏省泰州市,2015,江苏省,泰州市
万建民,江苏省泰兴市,2015,江苏省,泰州市
邵新宇,江苏省靖江市,2019,江苏省,泰州市
李继侗,江苏兴化,1955,江苏省,泰州市
钮经义,江苏兴化,1980,江苏省,泰州市
朱亚杰,江苏兴化,1980,江苏省,泰州市
夏道行,江苏泰州,1980,江苏省,泰州市
丁舜年,江苏泰兴,1980,江苏省,泰州市
支秉彝,江苏泰州,1980,江苏省,泰州市
王德宝,江苏泰兴,1980,江苏省,泰州市
常印佛,江苏泰兴,1991,江苏省,泰州市
盛金章,江苏靖江,1991,江苏省,泰州市
王德滋,江苏泰兴,1997,江苏省,泰州市
叶培建,江苏泰兴,2003,江苏省,泰州市
翟婉明,江苏靖江,2011,江苏省,泰州市
鄂维南,江苏靖江,2011,江苏省,泰州市
刘云圻,江苏靖江,2015,江苏省,泰州市
陆夕云,江苏泰州,2019,江苏省,泰州市
常进,江苏泰兴,2019,江苏省,泰州市
沙庆林,江苏宜兴,1995,江苏省,无锡市
吴中如,江苏省省宜兴市,1997,江苏省,无锡市
陈国良,江苏宜兴,1999,江苏省,无锡市
潘菽,江苏宜兴,1955,江苏省,无锡市
周培源,江苏宜兴,1955,江苏省,无锡市
唐敖庆,江苏宜兴,1955,江苏省,无锡市
史绍熙,江苏宜兴,1980,江苏省,无锡市
章综,江苏宜兴,1980,江苏省,无锡市
朱既明,江苏宜兴,1980,江苏省,无锡市
朱洪元,江苏宜兴,1980,江苏省,无锡市
吴浩青,江苏宜兴,1980,江苏省,无锡市
程镕时,江苏宜兴,1991,江苏省,无锡市
褚君浩,江苏宜兴,2005,江苏省,无锡市
吴岳良,江苏宜兴,2007,江苏省,无锡市
张旭,江苏宜兴,2015,江苏省,无锡市
孙和平,江苏无锡江阴县,2019,江苏省,无锡市
谈哲敏,江苏宜兴,2021,江苏省,无锡市
薛鸣球,江苏省宜兴市,1995,江苏省,无锡市
陈德仁,江苏省无锡县,1995,江苏省,无锡市
程天民,江苏省宜兴市,1996,江苏省,无锡市
程天民,江苏省宜兴市,1996,江苏省,无锡市
唐西生,江苏省宜兴市,1997,江苏省,无锡市
黄瑞松,江苏省宜兴市,2003,江苏省,无锡市
丁荣军,江苏省宜兴市,2011,江苏省,无锡市
季国标,江苏无锡,1994,江苏省,无锡市
秦伯益,江苏省无锡市,1994,江苏省,无锡市
吴中伟,江苏省江阴市,1994,江苏省,无锡市
王选,江苏无锡,1994,江苏省,无锡市
蒋新松,江苏江阴,1994,江苏省,无锡市
江绍基,江苏无锡,1994,江苏省,无锡市
薛禹胜,江苏省无锡市,1995,江苏省,无锡市
钱鸣高,江苏省无锡市,1995,江苏省,无锡市
周君亮,江苏省无锡市,1995,江苏省,无锡市
陈厚群,江苏省无锡市,1995,江苏省,无锡市
侯芙生,江苏省无锡市,1995,江苏省,无锡市
顾夏声,江苏省无锡,1995,江苏省,无锡市
陈新,江苏省无锡市,1995,江苏省,无锡市
陈太一,江苏省宜兴,1997,江苏省,无锡市
顾真安,江苏省无锡市,1997,江苏省,无锡市
曹湘洪,江苏省江阴市,1999,江苏省,无锡市
曹楚生,江苏省无锡,1999,江苏省,无锡市
刘彤华,江苏无锡,1999,江苏省,无锡市
盖钧镒,江苏省无锡市,2001,江苏省,无锡市
张耀明,江苏省无锡市,2001,江苏省,无锡市
张祖勋,江苏省无锡市,2003,江苏省,无锡市
陈丙珍,江苏省无锡市,2005,江苏省,无锡市
陈志南,江苏省无锡市,2007,江苏省,无锡市
邱贵兴,江苏省无锡市,2007,江苏省,无锡市
沈其荣,江苏省无锡市,2021,江苏省,无锡市
诸福棠,江苏无锡,1955,江苏省,无锡市
张大煜,江苏江阴,1955,江苏省,无锡市
钱临照,江苏无锡,1955,江苏省,无锡市
钱令希,江苏无锡,1955,江苏省,无锡市
承淡安,江苏江阴,1955,江苏省,无锡市
赵承嘏,江苏江阴,1955,江苏省,无锡市
钱伟长,江苏无锡,1956,江苏省,无锡市
王序,江苏无锡,1980,江苏省,无锡市
张煦,江苏无锡,1980,江苏省,无锡市
裘维蕃,江苏无锡,1980,江苏省,无锡市
唐孝威,江苏无锡,1980,江苏省,无锡市
钱钟韩,江苏无锡,1980,江苏省,无锡市
钱保功,江苏江阴,1980,江苏省,无锡市
王补宣,江苏无锡,1980,江苏省,无锡市
王选,江苏无锡,1991,江苏省,无锡市
杨芙清,江苏无锡,1991,江苏省,无锡市
匡定波,江苏无锡,1991,江苏省,无锡市
戴念慈,江苏无锡,1991,江苏省,无锡市
巢纪平,江苏无锡,1995,江苏省,无锡市
许智宏,江苏无锡,1997,江苏省,无锡市
过增元,江苏无锡,1997,江苏省,无锡市
钱逸泰,江苏无锡,1997,江苏省,无锡市
周锡元,江苏无锡,1997,江苏省,无锡市
薛禹群,江苏无锡,1999,江苏省,无锡市
杜江峰,江苏无锡,2015,江苏省,无锡市
王红阳,江苏省徐州市,2005,江苏省,徐州市
张建云,江苏省沛县,2009,江苏省,徐州市
侯立安,江苏省徐州市,2009,江苏省,徐州市
孟建民,江苏省徐州市,2015,江苏省,徐州市
朱广生,江苏省沛县,2019,江苏省,徐州市
黄殿中,江苏省徐州市,2021,江苏省,徐州市
郑万钧,江苏徐州,1955,江苏省,徐州市
胡宁,江苏宿迁,1955,江苏省,徐州市
武衡,江苏徐州,1955,江苏省,徐州市
张涵信,江苏沛县,1991,江苏省,徐州市
张裕恒,江苏宿迁,2005,江苏省,徐州市
任露泉,江苏铜山,2007,江苏省,徐州市
宋微波,江苏睢宁,2015,江苏省,徐州市
夏咸柱,江苏省盐城市建湖县,2003,江苏省,盐城市
于俊崇,江苏省盐城市滨海县,2009,江苏省,盐城市
戴浩,江苏省阜宁县,2005,江苏省,盐城市
赵连城,江苏省盐城市,2003,江苏省,盐城市
李立浧,江苏省建湖县,2007,江苏省,盐城市
王超,江苏省滨海县,2011,江苏省,盐城市
王学浩,江苏省建湖县,2011,江苏省,盐城市
郭仁忠,江苏省盐城市,2013,江苏省,盐城市
顾大钊,江苏省滨海县,2015,江苏省,盐城市
唐洪武,江苏省建湖县,2021,江苏省,盐城市
陆士新,江苏盐城,1997,江苏省,盐城市
周俊,江苏东台,1999,江苏省,盐城市
王诗宬,江苏盐城,2005,江苏省,盐城市
陈义汉,江苏射阳,2015,江苏省,盐城市
芮筱亭,江苏盐城,2017,江苏省,盐城市
杨金龙,江苏盐城,2019,江苏省,盐城市
封东来,江苏盐城,2021,江苏省,盐城市
钱旭红,江苏省扬州宝应市,2011,江苏省,扬州市
许国志,江苏省扬州市,1995,江苏省,扬州市
沈家祥,江苏省扬州市,1999,江苏省,扬州市
周世宁,江苏省扬州市,1999,江苏省,扬州市
张乃通,江苏省扬州市,2001,江苏省,扬州市
徐銤,江苏省扬州市,2011,江苏省,扬州市
尤政,江苏省扬州市,2013,江苏省,扬州市
王广基,江苏省扬州市,2013,江苏省,扬州市
戴厚良,江苏省扬州市,2017,江苏省,扬州市
陈坚,江苏省扬州市,2017,江苏省,扬州市
张佳宝,江苏省高邮市,2019,江苏省,扬州市
陈卫,江苏省扬州市,2019,江苏省,扬州市
王琦,江苏省高邮市,2019,江苏省,扬州市
陈桢,江苏邗江,1948,江苏省,扬州市
孙云铸,江苏高邮,1955,江苏省,扬州市
李方训,江苏仪征,1955,江苏省,扬州市
柳大纲,江苏仪征,1955,江苏省,扬州市
朱物华,江苏扬州,1955,江苏省,扬州市
黄鸣龙,江苏扬州,1955,江苏省,扬州市
王葆仁,江苏扬州,1980,江苏省,扬州市
徐芝纶,江苏江都,1980,江苏省,扬州市
施履吉,江苏仪征,1980,江苏省,扬州市
张礼和,江苏扬州,1995,江苏省,扬州市
周本濂,江苏扬州,1997,江苏省,扬州市
严加安,江苏邗江,1999,江苏省,扬州市
黄琳,江苏扬州,2003,江苏省,扬州市
黄宪,江苏扬州,2003,江苏省,扬州市
江明,江苏扬州,2005,江苏省,扬州市
陈晓亚,江苏扬州,2005,江苏省,扬州市
周忠和,江苏扬州,2011,江苏省,扬州市
孙鑫,江苏扬州,2013,江苏省,扬州市
杨德仁,江苏扬州,2017,江苏省,扬州市
钱锋,江苏省扬中县,2015,江苏省,镇江市
王越,江苏省丹阳市,1994,江苏省,镇江市
杨启业,江苏省镇江市,1997,江苏省,镇江市
钱清泉,江苏省丹阳市,1997,江苏省,镇江市
孙家广,江苏省镇江市,1999,江苏省,镇江市
马伟明,江苏省扬中市,2001,江苏省,镇江市
王礼恒,江苏省镇江市,2003,江苏省,镇江市
段正澄,江苏省镇江市,2009,江苏省,镇江市
贾伟平,江苏镇江,2021,江苏省,镇江市
茅以升,江苏镇江,1948,江苏省,镇江市
周志宏,江苏丹徒,1955,江苏省,镇江市
林镕,江苏丹阳,1955,江苏省,镇江市
戴安邦,江苏丹徒,1980,江苏省,镇江市
周秀骥,江苏丹阳,1991,江苏省,镇江市
汪尔康,江苏镇江,1991,江苏省,镇江市
吕敏,江苏丹阳,1991,江苏省,镇江市
王越,江苏丹阳,1991,江苏省,镇江市
于渌,江苏镇江,1999,江苏省,镇江市
吴宏鑫,江苏丹徒,2003,江苏省,镇江市
彭堃墀,江苏镇江,2003,江苏省,镇江市
包信和,江苏扬中,2009,江苏省,镇江市
郑泉水,江西金溪县,2019,江西省,抚州市
艾兴,江西省东乡县,1999,江西省,抚州市
陈芬儿,江西省抚州市,2015,江西省,抚州市
饶毓泰,江西临川,1948,江西省,抚州市
余瑞璜,江西宜黄,1955,江西省,抚州市
程孝刚,江西宜黄,1955,江西省,抚州市
吴式枢,江西宜黄,1980,江西省,抚州市
邓从豪,江西临川,1993,江西省,抚州市
钟登华,江西省赣州市,2009,江西省,赣州市
孙金声,江西省于都县,2017,江西省,赣州市
张家铝,江西赣州,2005,江西省,赣州市
赖远明,江西龙南,2011,江西省,赣州市
黄路生,江西上犹,2011,江西省,赣州市
李蓬,江西宁都,2015,江西省,赣州市
曾庆元,江西省泰和县原籍,1999,江西省,吉安市
邓建军,江西省吉安市,2017,江西省,吉安市
盛彤笙,江西永新,1955,江西省,吉安市
熊大闰,江西吉安,1991,江西省,吉安市
欧阳自远,江西吉安,1991,江西省,吉安市
游效曾,江西吉安,1991,江西省,吉安市
徐建中,江西吉安,1995,江西省,吉安市
郭烈锦,江西遂川县,2017,江西省,吉安市
赵天寿,陕西,2019,江西省,吉安市
陈晔光,江西乐安县,2017,江西省,景德镇市
詹启敏,江西省乐平市,2011,江西省,景德镇市
王启明,福建,1991,江西省,景德镇市
张俐娜,福建,2011,江西省,景德镇市
于全,江西省九江市,2009,江西省,九江市
周卫,江西省湖口县,2021,江西省,九江市
吴征镒,江西九江,1955,江西省,九江市
潘际銮,江西九江,1980,江西省,九江市
杨叔子,江西湖口,1991,江西省,九江市
甘晓华,江西省临川县（今属进贤县）,2011,江西省,南昌市
周镜,江西省南昌市,1994,江西省,南昌市
钟掘,江西省南昌市,1995,江西省,南昌市
王景全,江西省南昌市,2003,江西省,南昌市
蔡方荫,江西南昌,1955,江西省,南昌市
谢光选,江西南昌,1991,江西省,南昌市
黄克智,江西南昌,1991,江西省,南昌市
阳含熙,江西南昌,1991,江西省,南昌市
林皋,江西南昌,1997,江西省,南昌市
朱中梁,江西南昌,1999,江西省,南昌市
方岱宁,江西南昌,2013,江西省,南昌市
汤超,江西南昌,2019,江西省,南昌市
李劲松,江西南昌,2021,江西省,南昌市
刘天泉,江西省萍乡县,1994,江西省,萍乡市
颜龙安,江西省萍乡市,2007,江西省,萍乡市
彭苏萍,江西省萍乡市,2007,江西省,萍乡市
徐祖信,江西省萍乡市,2019,江西省,萍乡市
严新平,江西省莲花县,2019,江西省,萍乡市
吴学周,江西萍乡,1948,江西省,萍乡市
刘恢先,江西莲花,1980,江西省,萍乡市
陈述彭,江西萍乡,1980,江西省,萍乡市
简水生,江西萍乡,1995,江西省,萍乡市
刘友梅,江西省上饶市,1999,江西省,上饶市
程书钧,江西省玉山县,1999,江西省,上饶市
石屏,江西省鄱阳县,2003,江西省,上饶市
黄璐琦,江西省婺源县,2015,江西省,上饶市
柴立元,江西省万年县,2019,江西省,上饶市
杨惟义,江西上饶,1955,江西省,上饶市
黄家驷,江西玉山,1955,江西省,上饶市
俞鸿儒,江西广丰,1991,江西省,上饶市
江风益,江西余干县,2019,江西省,上饶市
谢明勇,江西省新余市,2021,江西省,新余市
杨春和,江西省宜春市,2019,江西省,宜春市
吴有训,江西高安,1948,江西省,宜春市
徐采栋,江西奉新,1980,江西省,宜春市
张效祥,浙江,1991,江西省,宜春市
刘高联,江西奉新,1999,江西省,宜春市
温诗铸,江西丰城,1999,江西省,宜春市
江元生,江西宜春,2005,江西省,宜春市
龚健雅,江西樟树,2011,江西省,宜春市
刘明,江西丰城,2015,江西省,宜春市
朱伯芳,江西省鹰潭市,1995,江西省,鹰潭市
张福泽,辽宁省岫岩县,1995,辽宁省,鞍山市
封锡盛,辽宁省海城市,1999,辽宁省,鞍山市
戴景瑞,辽宁省海城市,2001,辽宁省,鞍山市
孙铁珩,辽宁省海城市,2001,辽宁省,鞍山市
魏毅寅,辽宁省台安县,2019,辽宁省,鞍山市
于吉红,辽宁鞍山,2015,辽宁省,鞍山市
张杰,辽宁省本溪市,1997,辽宁省,本溪市
李松,辽宁省本溪市,2015,辽宁省,本溪市
张希,辽宁本溪,2007,辽宁省,本溪市
陈晓非,辽宁本溪,2015,辽宁省,本溪市
王国庆,辽宁省朝阳市,2021,辽宁省,朝阳市
贾振元,辽宁朝阳,2019,辽宁省,朝阳市
卜显和,辽宁朝阳,2021,辽宁省,朝阳市
孙昌璞,辽宁普兰店,2009,辽宁省,大连市
谢在库,辽宁普兰店,2017,辽宁省,大连市
刘鸿亮,辽宁省大连市,1994,辽宁省,大连市
汪顺亭,辽宁省大连市,1995,辽宁省,大连市
于维汉,辽宁省大连市,1997,辽宁省,大连市
唐启升,辽宁省大连市,1999,辽宁省,大连市
杜善义,辽宁省大连市,1999,辽宁省,大连市
桑凤亭,辽宁省大连市,2003,辽宁省,大连市
王国栋,辽宁省大连市,2005,辽宁省,大连市
赵晓哲,辽宁省大连市,2011,辽宁省,大连市
高文,辽宁省大连市,2011,辽宁省,大连市
蒋庄德,辽宁省庄河市,2013,辽宁省,大连市
韩德民,辽宁省大连市,2013,辽宁省,大连市
徐建,辽宁省大连市,2019,辽宁省,大连市
万立骏,辽宁大连,2009,辽宁省,大连市
高原宁,辽宁大连,2019,辽宁省,大连市
于贵瑞,辽宁大连,2019,辽宁省,大连市
张子仪,山西,1997,辽宁省,丹东市
白春礼,辽宁丹东,1997,辽宁省,丹东市
刘嘉麒,辽宁丹东,2003,辽宁省,丹东市
张继平,山西,2019,辽宁省,丹东市
陈福田,辽宁省抚顺市,2007,辽宁省,抚顺市
汪景琇,辽宁抚顺,2013,辽宁省,抚顺市
马建章,辽宁省阜新市,1995,辽宁省,阜新市
李坚,辽宁省阜新市,2011,辽宁省,阜新市
母国光,辽宁锦西,1993,辽宁省,葫芦岛市
戚发轫,辽宁省复县,2001,辽宁省,葫芦岛市
李天来,辽宁省绥中县,2015,辽宁省,葫芦岛市
康玉柱,辽宁省北宁市,2005,辽宁省,锦州市
王淀佐,辽宁凌海,1991,辽宁省,锦州市
王淀佐,辽宁省凌海市,1994,辽宁省,锦州市
杨凤田,辽宁省义县,2007,辽宁省,锦州市
金智新,辽宁省锦州市,2015,辽宁省,锦州市
窦国仁,辽宁北镇,1991,辽宁省,锦州市
常文瑞,辽宁锦州,2005,辽宁省,锦州市
丁德文,辽宁省辽阳市,1994,辽宁省,辽阳市
沈荣显,辽宁省辽阳,1995,辽宁省,辽阳市
王兴治,辽宁省辽阳市,1995,辽宁省,辽阳市
衣宝廉,辽宁省辽阳县,2003,辽宁省,辽阳市
王立鼎,辽宁辽阳,1995,辽宁省,辽阳市
赵柏林,辽宁辽中,1991,辽宁省,沈阳市
孙家栋,辽宁盖县,1991,辽宁省,沈阳市
金国藩,辽宁省沈阳市,1994,辽宁省,沈阳市
高守一,辽宁省新民市,1994,辽宁省,沈阳市
关兴亚,辽宁省沈阳市,1995,辽宁省,沈阳市
韩英铎,辽宁省沈阳市,1995,辽宁省,沈阳市
关君蔚,辽宁省沈阳市,1995,辽宁省,沈阳市
吴咸中,辽宁省新民市,1996,辽宁省,沈阳市
柯伟,辽宁省沈阳市,1997,辽宁省,沈阳市
李连达,辽宁省沈阳市,2003,辽宁省,沈阳市
王玉普,辽宁新民,2007,辽宁省,沈阳市
陈温福,辽宁省法库县,2009,辽宁省,沈阳市
杨绍卿,辽宁省康平县,2011,辽宁省,沈阳市
韩雅玲,辽宁省沈阳市,2013,辽宁省,沈阳市
孙聪,辽宁省沈阳市,2015,辽宁省,沈阳市
姜会林,辽宁省沈阳市,2015,辽宁省,沈阳市
姜保国,辽宁省沈阳市,2021,辽宁省,沈阳市
蓝羽石,辽宁省沈阳市,2021,辽宁省,沈阳市
吴英恺,辽宁新民,1955,辽宁省,沈阳市
周惠久,辽宁沈阳,1980,辽宁省,沈阳市
刘东生,辽宁沈阳,1980,辽宁省,沈阳市
卢鹤绂,辽宁沈阳,1980,辽宁省,沈阳市
谭其骧,辽宁沈阳,1980,辽宁省,沈阳市
王方定,辽宁沈阳,1991,辽宁省,沈阳市
马在田,辽宁法库,1991,辽宁省,沈阳市
赵忠贤,辽宁新民,1991,辽宁省,沈阳市
赵鹏大,沈阳,1993,辽宁省,沈阳市
秦蕴珊,辽宁沈阳,1995,辽宁省,沈阳市
裴钢,辽宁沈阳,1999,辽宁省,沈阳市
郭爱克,辽宁沈阳,2003,辽宁省,沈阳市
赵东元,辽宁沈阳,2007,辽宁省,沈阳市
王恩哥,辽宁沈阳,2007,辽宁省,沈阳市
朱荻,辽宁沈阳,2011,辽宁省,沈阳市
祝学军,辽宁沈阳,2019,辽宁省,沈阳市
马兰,辽宁沈阳,2019,辽宁省,沈阳市
王以政,辽宁沈阳,2021,辽宁省,沈阳市
刘宝琛,辽宁省开源市,1994,辽宁省,铁岭市
王永志,辽宁昌图县,1994,辽宁省,铁岭市
辛德惠,辽宁省开原,1995,辽宁省,铁岭市
尚红,辽宁省铁岭市,2019,辽宁省,铁岭市
张树政,河北束鹿,1991,辽宁省,营口市
宫声凯,辽宁省盖县,2019,辽宁省,营口市
黄其励,辽宁省营口市,1997,辽宁省,营口市
任发政,辽宁省营口市,2019,辽宁省,营口市
梅洪元,辽宁省营口市,2021,辽宁省,营口市
赵国春,辽宁,2019,辽宁省,鞍山市
刘兴土,马来西亚马六甲,2007,马来西亚,马六甲
温俊峰,内蒙古自治区五原县,1997,内蒙古自治区,巴彦淖尔市
高长青,内蒙古包头市,2015,内蒙古自治区,包头市
董尔丹,内蒙古自治区包头市,2019,内蒙古自治区,包头市
郝芳,内蒙古自治区赤峰敖汉旗,2015,内蒙古自治区,赤峰市
毛二可,内蒙自治区赤峰市,1995,内蒙古自治区,赤峰市
马玉山,内蒙古省鄂尔多斯市,2021,内蒙古自治区,鄂尔多斯市
付梦印,内蒙古自治区鄂尔多斯市,2021,内蒙古自治区,鄂尔多斯市
武强,内蒙古自治区呼和浩特市,2015,内蒙古自治区,呼和浩特市
马永生,内蒙古自治区土默特左旗市,2009,内蒙古自治区,呼和浩特市
张涌,内蒙古自治区和林格尔县,2019,内蒙古自治区,呼和浩特市
旭日干,内蒙古自治区科右前旗,1995,内蒙古自治区,科尔沁右前旗
闫楚良,内蒙通辽,2015,内蒙古自治区,通辽市
郝水,内蒙古通辽,1993,内蒙古自治区,通辽市
李建成,内蒙古自治区集宁市,2011,内蒙古自治区,乌兰察布市
赵进才,内蒙古自治区丰镇,2011,内蒙古自治区,乌兰察布市
张立群,内蒙古自治区多伦县,2021,内蒙古自治区,锡林郭勒盟
张经,内蒙古自治区,2007,内蒙古自治区,内蒙古自治区
唐立,宁夏回族自治区石嘴山市,2017,宁夏回族自治区,石嘴山市
张锦,宁夏同心,2019,宁夏回族自治区,吴忠市
俞大鹏,宁夏中卫,2015,宁夏回族自治区,中卫市
高山,青海西宁,2011,青海省,西宁市
黄建平,青海西宁,2021,青海省,西宁市
王大珩,日本东京,1994,日本,东京市
王世真,日本千叶,1980,日本,千叶
魏可镁,日本人吉市,1997,日本,人吉市
彭实戈,山东滨县,2005,山东省,滨州市
宁光,山东省滨州市,2015,山东省,滨州市
刘泽金,山东省无棣县,2017,山东省,滨州市
魏炳波,山东惠民县,2011,山东省,滨州市
李博,山东夏津县,1993,山东省,德州市
王玉鹏,山东武城县,2021,山东省,德州市
任继周,山东省平原县,1995,山东省,德州市
管华诗,山东省夏津县,1995,山东省,德州市
张炳炎,山东省庆云县,1995,山东省,德州市
赵振东,山东省德州市,2013,山东省,德州市
伍献文,浙江瑞安,1948,山东省,德州市
戴金星,浙江瑞安,1995,山东省,德州市
伍荣生,浙江瑞安,1999,山东省,德州市
高德利,山东禹城,2013,山东省,德州市
李文华,山东省东营市,1997,山东省,东营市
吕跃广,山东省东营市,2011,山东省,东营市
侯保荣,山东省菏泽市曹县,2003,山东省,菏泽市
袁士义,山东省曹县,2005,山东省,菏泽市
李培武,山东省菏泽市,2019,山东省,菏泽市
张广学,山东定陶,1991,山东省,菏泽市
于天仁,山东郓城,1995,山东省,菏泽市
张嗣瀛,山东章丘,1997,山东省,济南市
陈秉聪,山东省黄县,1995,山东省,济南市
周丰峻,山东省黄县,1999,山东省,济南市
郑哲敏,山东省济南市,1994,山东省,济南市
张寿荣,山东省济南市,1995,山东省,济南市
张寿荣,山东省济南市,1995,山东省,济南市
马国馨,山东省济南市,1997,山东省,济南市
崔崑,山东省济南市,1997,山东省,济南市
高洁,山东省济南市,1999,山东省,济南市
曹雪涛,山东省济南市,2005,山东省,济南市
李玉,山东省济南市,2009,山东省,济南市
王恩东,山东省济南市,2015,山东省,济南市
张宗亮,山东省济南市,2021,山东省,济南市
郑哲敏,山东济南,1980,山东省,济南市
毕德显,山东平阴,1980,山东省,济南市
苗永瑞,山东济南,1991,山东省,济南市
李济生,山东济南,1997,山东省,济南市
崔尔杰,山东济南,1999,山东省,济南市
吴养洁,山东济南,2003,山东省,济南市
宋礼成,山东济南,2007,山东省,济南市
顾玉东,山东省章丘县,1994,山东省,济南市
马世骏,,1980,山东省,济宁市
郝吉明,山东省梁山县,2005,山东省,济宁市
殷宏章,山东兖州,1948,山东省,济宁市
张致一,山东泗水,1980,山东省,济宁市
佟振合,山东梁山,1999,山东省,济宁市
王涛,山东省胶县,1994,山东省,胶州市
郭旭升,山东省茌平市,2019,山东省,聊城市
王子才,山东省聊城市,2001,山东省,聊城市
张运,山东省聊城市,2001,山东省,聊城市
张新时,山东高唐,1991,山东省,聊城市
王鸿祯,山东苍山,1980,山东省,临沂市
薛群基,山东省沂南县,1997,山东省,临沂市
邱志明,山东临沂,2015,山东省,临沂市
庄孝僡,山东莒南,1980,山东省,临沂市
徐叙瑢,山东临沂,1980,山东省,临沂市
薛其坤,山东蒙阴,2005,山东省,临沂市
房建成,山东费县,2015,山东省,临沂市
侯锋,山东省平度市,1999,山东省,青岛市
黄劭显,山东即墨县,1980,山东省,青岛市
胡敦欣,山东即墨,2001,山东省,青岛市
刘维民,山东莱西,2013,山东省,青岛市
高从堦,山东省即墨市,1995,山东省,青岛市
刘源张,山东省青岛市,2001,山东省,青岛市
刘怡昕,山东省青岛市,2003,山东省,青岛市
孙伟,山东省胶州市,2005,山东省,青岛市
邹承鲁,山东青岛,1992,山东省,青岛市
钟大赉,山东青岛,2001,山东省,青岛市
解思深,山东青岛,2003,山东省,青岛市
邱占祥,山东青岛,2005,山东省,青岛市
李玉良,山东青岛,2015,山东省,青岛市
叶连俊,山东日照,1980,山东省,日照市
葛均波,山东五莲,2011,山东省,日照市
徐士高,山东黄县,1980,山东省,泰安市
隋森芳,山东黄县,2009,山东省,泰安市
陈予恕,山东省肥城市,2005,山东省,泰安市
李阳,山东省泰安市,2013,山东省,泰安市
刘承钊,山东泰安,1955,山东省,泰安市
王曰伦,山东泰安,1980,山东省,泰安市
胡光镇,江苏省松江市（现属上海市）,1997,山东省,威海市
王国法,山东省文登县现威海市南海新区,2017,山东省,威海市
宋健,山东省荣成市,1994,山东省,威海市
袁业立,山东省荣成市,1995,山东省,威海市
戚颖敏,山东省威海市,1995,山东省,威海市
洪涛,山东省荣成市,1996,山东省,威海市
王玉忠,山东省威海市,2015,山东省,威海市
邹汝平,山东省威海市,2021,山东省,威海市
郭永怀,山东荣成,1957,山东省,威海市
孙大中,山东威海,1991,山东省,威海市
宋健,山东荣成,1991,山东省,威海市
单忠德,山东省高密市,2019,山东省,潍坊市
张福绥,山东省昌邑县,1999,山东省,潍坊市
伦世仪,山东省诸城市,1995,山东省,潍坊市
张玉卓,山东省寿光市,2011,山东省,潍坊市
孙龙德,山东省寿光市,2011,山东省,潍坊市
于金明,山东省潍坊市,2011,山东省,潍坊市
柴洪峰,山东省诸城市,2015,山东省,潍坊市
肖龙旭,山东省寿光市,2019,山东省,潍坊市
孙焕泉,山东省诸城市,2021,山东省,潍坊市
冯兰洲,山东临朐,1957,山东省,潍坊市
秦馨菱,山东安丘,1980,山东省,潍坊市
刘振兴,山东昌乐,1995,山东省,潍坊市
刘以训,山东安丘,1999,山东省,潍坊市
王恩多,山东诸城,2005,山东省,潍坊市
焦念志,山东潍坊,2011,山东省,潍坊市
王小云,山东诸城,2017,山东省,潍坊市
徐春明,山东寿光,2019,山东省,潍坊市
张卫红,山东潍坊,2021,山东省,潍坊市
王文采,山东掖县,1993,山东省,烟台市
于德泉,山东省蓬莱县,1999,山东省,烟台市
孙宝国,山东省招远县,2009,山东省,烟台市
王忠诚,山东省烟台,1994,山东省,烟台市
殷国茂,山东省龙口市,1995,山东省,烟台市
孙敬良,山东省莱州市,1995,山东省,烟台市
山仑,山东省龙口市,1995,山东省,烟台市
安静娴,山东省烟台市,1997,山东省,烟台市
谢立信,山东省莱州市,2001,山东省,烟台市
刘韵洁,山东省烟台市,2005,山东省,烟台市
包振民,山东省烟台市,2017,山东省,烟台市
孙丽丽,山东省烟台市,2019,山东省,烟台市
董绍明,山东省莱州市,2019,山东省,烟台市
邢丽英,山东省烟台市,2021,山东省,烟台市
王军成,山东省招远市,2021,山东省,烟台市
杨为民,山东省烟台市,2021,山东省,烟台市
葛庭燧,山东蓬莱,1955,山东省,烟台市
梁树权,山东烟台,1955,山东省,烟台市
曲钦岳,山东烟台,1980,山东省,烟台市
梁植权,山东烟台,1980,山东省,烟台市
杨起,山东蓬莱,1991,山东省,烟台市
周孝信,山东蓬莱,1993,山东省,烟台市
张春霆,山东烟台,1995,山东省,烟台市
江桂斌,山东莱阳,2009,山东省,烟台市
姜培学,山东烟台,2021,山东省,烟台市
赵法箴,山东省烟台莱州市,1995,山东省,烟台市
王士雯,山东省峄县,1996,山东省,枣庄市
束怀瑞,山东淄博,2001,山东省,淄博市
田波,山东桓台,1991,山东省,淄博市
万哲先,山东淄川,1991,山东省,淄博市
李振声,山东淄博,1991,山东省,淄博市
郭雷,山东淄博,2001,山东省,淄博市
石广玉,山东淄博,2011,山东省,淄博市
陈维江,山东淄博,2015,山东省,淄博市
张宏科,山西省大同市,2021,山西省,大同市
朱日祥,山西大同,2003,山西省,大同市
范守善,山西晋城,2003,山西省,晋城市
胡春宏,山西省晋中市榆次区,2013,山西省,晋中市
赵沁平,山西省介休市,2013,山西省,晋中市
王志均,山西昔阳,1980,山西省,晋中市
李洪钟,山西昔阳,2005,山西省,晋中市
成秋明,山西太谷,2019,山西省,晋中市
陈力为,山西省洪洞县,1994,山西省,临汾市
武维华,山西临汾,2007,山西省,临汾市
赵国藩,山西省汾阳,1997,山西省,吕梁市
张锡祥,山西省文水县,1999,山西省,吕梁市
王浚,山西省孝义市,2001,山西省,吕梁市
刘吉臻,山西省岚县,2015,山西省,吕梁市
席承藩,山西文水,1995,山西省,吕梁市
郭正堂,山西应县,2013,山西省,朔州市
高福,山西应县,2013,山西省,朔州市
倪晋仁,山西山阴县,2015,山西省,朔州市
关桥,山西省太原市,1994,山西省,太原市
谢克昌,山西省太原市,2003,山西省,太原市
吴建平,山西省太原市,2015,山西省,太原市
郭承基,山西清徐,1980,山西省,太原市
张杰,山西太原,2003,山西省,太原市
赵阳升,山西太原,2019,山西省,太原市
赵宪庚,山西省忻县,2011,山西省,忻州市
郭应禄,山西省定襄县,1999,山西省,忻州市
刘耀,山西省河曲县,2001,山西省,忻州市
康红普,山西省五台县,2015,山西省,忻州市
高天明,山西省岢岚县,2021,山西省,忻州市
贾福海,山西原平,1980,山西省,忻州市
李静海,山西静乐,1999,山西省,忻州市
张沛霖,,1980,山西省,阳泉市
席泽宗,山西垣曲,1991,山西省,运城市
汪忠镐,主要从事动脉造影及内皮细胞种植,2005,山西省,运城市
刘尚合,山西省闻喜市,1999,山西省,运城市
徐建国,山西省平陆县,2011,山西省,运城市
宁滨,山西省运城市,2017,山西省,运城市
毛景文,山西省运城市,2017,山西省,运城市
潘永信,山西运城,2017,山西省,运城市
彭平安, 有机地球化学家，长期从事地质体有机质地球化学研究。1960年11月15日出生。1982年毕业于浙江大学，1991年在中国科学院地球化学研究所获博士学位。2013年当选为中国科学院院士。,2013,山西省,长治市
牛憨笨,山西省壶关县,1997,山西省,长治市
张涛,陕西安康,2013,陕西省,安康市
张福锁,陕西省凤翔县,2017,陕西省,宝鸡市
刘仓理,陕西岐山县,2021,陕西省,宝鸡市
侯晓,陕西省岐山县,2015,陕西省,宝鸡市
王双明,陕西省岐山县,2017,陕西省,宝鸡市
张平祥,陕西省宝鸡市,2019,陕西省,宝鸡市
吕西林,陕西省岐山县,2019,陕西省,宝鸡市
郭万林,陕西眉县,2017,陕西省,宝鸡市
李鹤林,陕西省汉中市,1997,陕西省,汉中市
徐乾清,陕西省城固县,1999,陕西省,汉中市
张平,陕西省汉中市,2019,陕西省,汉中市
赵铱民,陕西省汉中市,2021,陕西省,汉中市
王巍,陕西汉中,2013,陕西省,汉中市
张宏福,陕西山阳县,2017,陕西省,商洛市
窦科峰,陕西乾县,2021,陕西省,商洛市
肖绪文,陕西省商洛市,2013,陕西省,商洛市
张建民,陕西省商洛市,2017,陕西省,商洛市
徐宗本,陕西柞水县,2011,陕西省,商洛市
陈发虎,陕西丹凤县,2015,陕西省,商洛市
徐世烺,陕西柞水县,2021,陕西省,商洛市
石青云,四川合川,1993,陕西省,渭南市
刘加平,陕西省大荔县,2011,陕西省,渭南市
李校堃,陕西省富平县,2019,陕西省,渭南市
任纪舜,陕西华阴,1997,陕西省,渭南市
田在艺,陕西渭南,1997,陕西省,渭南市
种康,陕西合阳县,2017,陕西省,渭南市
魏悦广,陕西渭南,2017,陕西省,渭南市
胡晓棉,陕西省高陵市,2021,陕西省,西安市
唐长红,陕西省蓝田市,2011,陕西省,西安市
杨钟健,陕西华县,1948,陕西省,西安市
段学复,陕西华县,1955,陕西省,西安市
刘买利,陕西蓝田县,2021,陕西省,西安市
雷廷权,陕西省西安市,1997,陕西省,西安市
孙永福,陕西省西安市,2005,陕西省,西安市
何琳,陕西省西安市,2017,陕西省,西安市
张小曳,陕西省西安市,2019,陕西省,西安市
赵光达,陕西西安,2001,陕西省,西安市
雒建斌,陕西户县,2011,陕西省,西安市
崔鹏,陕西西安,2013,陕西省,西安市
常青,陕西西安,2015,陕西省,西安市
何雅玲,陕西西安,2015,陕西省,西安市
相里斌,陕西西安,2019,陕西省,西安市
房喻,陕西西安,2021,陕西省,西安市
张彦仲,陕西省三原县,2001,陕西省,咸阳市
徐德民,陕西省三原县,2005,陕西省,咸阳市
侯水生,陕西省三原县,2021,陕西省,咸阳市
岳建民,陕西彬县,2017,陕西省,咸阳市
李佩成,陕西省咸阳市,2003,陕西省,咸阳市
苏哲子,陕西省咸阳市,2005,陕西省,咸阳市
张生勇,陕西省咸阳市,2009,陕西省,咸阳市
朱蓓薇,陕西省咸阳市,2013,陕西省,咸阳市
高鸿,陕西泾阳,1980,陕西省,咸阳市
侯洵,陕西咸阳,1991,陕西省,咸阳市
魏江春,陕西咸阳,1997,陕西省,咸阳市
张殿琳,陕西三原,2001,陕西省,咸阳市
李曙光,陕西咸阳,2003,陕西省,咸阳市
傅伯杰,陕西咸阳,2011,陕西省,咸阳市
蒙大桥,陕西咸阳,2019,陕西省,咸阳市
武向平,陕西黄龙县,2011,陕西省,延安市
冯起,陕西省横山市,2021,陕西省,榆林市
高景德,陕西佳县,1980,陕西省,榆林市
冯登国,陕西靖边,2019,陕西省,榆林市
卢良恕,上海,1994,上海市,上海市
谢礼立,上海,1994,上海市,上海市
杨奇逊,上海,1994,上海市,上海市
严东生,上海,1994,上海市,上海市
李正名,上海,1995,上海市,上海市
李三立,上海,1995,上海市,上海市
项海帆,上海,1995,上海市,上海市
葛修润,上海,1995,上海市,上海市
钱正英,上海,1997,上海市,上海市
王威琪,上海,1999,上海市,上海市
周济,上海,1999,上海市,上海市
林元培,上海,2003,上海市,上海市
黄震,上海,2019,上海市,上海市
谢家荣,上海,1948,上海市,上海市
叶企孙,上海,1948,上海市,上海市
胡经甫,上海,1955,上海市,上海市
刘崇乐,上海,1955,上海市,上海市
黄文熙,上海,1955,上海市,上海市
钱学森,上海,1957,上海市,上海市
汪菊潜,上海,1957,上海市,上海市
吴仲华,上海,1957,上海市,上海市
胡世华,上海,1980,上海市,上海市
吴征铠,上海,1980,上海市,上海市
何祚庥,上海,1980,上海市,上海市
龚祖同,上海,1980,上海市,上海市
邹冈,上海,1980,上海市,上海市
黄量,上海,1980,上海市,上海市
王守觉,上海,1980,上海市,上海市
谢少文,上海,1980,上海市,上海市
曹本熹,上海,1980,上海市,上海市
王承书,上海,1980,上海市,上海市
严东生,上海,1980,上海市,上海市
朱夏,上海,1980,上海市,上海市
周明镇,上海,1980,上海市,上海市
张恭庆,上海,1991,上海市,上海市
傅家谟,上海,1991,上海市,上海市
徐冠华,上海,1991,上海市,上海市
胡和生,上海,1991,上海市,上海市
方守贤,上海,1991,上海市,上海市
郭景坤,上海,1991,上海市,上海市
杨福家,上海,1991,上海市,上海市
吴承康,上海,1991,上海市,上海市
苏定强,上海,1991,上海市,上海市
邱大洪,上海,1991,上海市,上海市
胡仁宇,上海,1991,上海市,上海市
周毓麟,上海,1991,上海市,上海市
强伯勤,上海,1991,上海市,上海市
吴建屏,上海,1991,上海市,上海市
唐九华,上海,1991,上海市,上海市
吴文俊,上海,1991,上海市,上海市
蒋锡夔,上海,1991,上海市,上海市
俞汝勤,上海,1991,上海市,上海市
邹世昌,上海,1991,上海市,上海市
黄志镗,上海,1991,上海市,上海市
陈俊勇,上海,1991,上海市,上海市
刘元方,上海,1991,上海市,上海市
袁权,上海,1991,上海市,上海市
李德生,上海,1991,上海市,上海市
黄葆同,上海,1991,上海市,上海市
周巢尘,上海,1993,上海市,上海市
程国栋,上海,1993,上海市,上海市
周恒,上海,1993,上海市,上海市
胡英,上海,1993,上海市,上海市
陈佳洱,上海,1993,上海市,上海市
周兴铭,上海,1993,上海市,上海市
龚岳亭,上海,1993,上海市,上海市
钟万勰,上海,1993,上海市,上海市
许志琴,上海,1995,上海市,上海市
胡文瑞,上海,1995,上海市,上海市
於崇文,上海,1995,上海市,上海市
陈慰峰,上海,1995,上海市,上海市
邓景发,上海,1995,上海市,上海市
何鸣元,上海,1995,上海市,上海市
周志炎,上海,1995,上海市,上海市
沈韫芬,上海,1995,上海市,上海市
陈竺,上海,1995,上海市,上海市
朱静,上海,1995,上海市,上海市
沈之荃,上海,1995,上海市,上海市
陈难先,上海,1997,上海市,上海市
丁伟岳,上海,1997,上海市,上海市
戎嘉余,上海,1997,上海市,上海市
朱道本,上海,1997,上海市,上海市
韩启德,上海,1997,上海市,上海市
姚建铨,上海,1997,上海市,上海市
林学钰,上海,1997,上海市,上海市
姚振兴,上海,1999,上海市,上海市
余梦伦,上海,1999,上海市,上海市
蒋有绪,上海,1999,上海市,上海市
王世绩,上海,1999,上海市,上海市
陆汝钤,上海,1999,上海市,上海市
王迅,上海,1999,上海市,上海市
沈文庆,上海,1999,上海市,上海市
姚守拙,上海,1999,上海市,上海市
陈星弼,上海,1999,上海市,上海市
葛昌纯,上海,2001,上海市,上海市
周又元,上海,2001,上海市,上海市
夏建白,上海,2001,上海市,上海市
张永莲,上海,2001,上海市,上海市
江龙,上海,2001,上海市,上海市
柳百新,上海,2001,上海市,上海市
林国强,上海,2001,上海市,上海市
洪家兴,上海,2003,上海市,上海市
李家春,上海,2003,上海市,上海市
陶瑞宝,上海,2003,上海市,上海市
符淙斌,上海,2003,上海市,上海市
费维扬,上海,2003,上海市,上海市
朱邦芬,上海,2003,上海市,上海市
计亮年,上海,2003,上海市,上海市
章梓雄,上海,2003,上海市,上海市
姚期智,上海,2004,上海市,上海市
吕达仁,上海,2005,上海市,上海市
王铁冠,上海,2005,上海市,上海市
赵国屏,上海,2005,上海市,上海市
何积丰,上海,2005,上海市,上海市
吴培亨,上海,2005,上海市,上海市
王正敏,上海,2005,上海市,上海市
柴之芳,上海,2007,上海市,上海市
张伟平,上海,2007,上海市,上海市
邢定钰,上海,2007,上海市,上海市
胡海岩,上海,2007,上海市,上海市
陶澍,上海,2009,上海市,上海市
王曦,上海,2009,上海市,上海市
陈定昌,上海,2009,上海市,上海市
王自强,上海,2009,上海市,上海市
金亚秋,上海,2011,上海市,上海市
陈恕行,上海,2013,上海市,上海市
陈骏,上海,2013,上海市,上海市
郑志明,上海,2017,上海市,上海市
何国威,上海,2017,上海市,上海市
王梅祥,上海,2021,上海市,上海市
李骏,上海,2021,上海市,上海市
马光辉,上海,2021,上海市,上海市
钱德沛,上海,2021,上海市,上海市
乔红,上海,2021,上海市,上海市
张德庆,上海宝山,1955,上海市,上海市
施汝为,江苏崇明(今属上海),1955,上海市,上海市
朱显谟,上海崇明,1991,上海市,上海市
施蕴渝,上海崇明,1997,上海市,上海市
王家楫,江苏奉贤,1948,上海市,上海市
陈蕴博,上海市嘉定区,1999,上海市,上海市
叶可明,上海市金山县,1995,上海市,上海市
王小谟,上海市金山区,1995,上海市,上海市
侯光炯,上海金山,1955,上海市,上海市
朱诗尧,上海静安区,2015,上海市,上海市
叶培大,上海南汇,1980,上海市,上海市
董建华,上海市青浦县,1994,上海市,上海市
嵇汝运,上海松江,1980,上海市,上海市
孙俊人,江苏省松江县,1995,上海市,上海市
汪成为,上海市,1994,上海市,上海市
钱学森,上海市,1994,上海市,上海市
谢友柏,上海市,1994,上海市,上海市
邹竞,上海市,1994,上海市,上海市
肖培根,上海市,1994,上海市,上海市
姚福生,上海市,1994,上海市,上海市
钱皋韵,上海市,1994,上海市,上海市
肖碧莲,上海市,1994,上海市,上海市
王振义,上海市,1994,上海市,上海市
朱高峰,上海市,1994,上海市,上海市
朱高峰,上海市,1994,上海市,上海市
苏君红,上海市,1994,上海市,上海市
周仲义,上海市,1994,上海市,上海市
林华,上海市,1994,上海市,上海市
周翔,上海市,1995,上海市,上海市
袁渭康,上海市,1995,上海市,上海市
阮可强,上海市,1995,上海市,上海市
沈国舫,上海市,1995,上海市,上海市
王思敬,上海市,1995,上海市,上海市
叶铭汉,上海市,1995,上海市,上海市
朱永濬,上海市,1995,上海市,上海市
胡壮麒,上海市,1995,上海市,上海市
朱英浩,上海市,1995,上海市,上海市
赵梓森,上海市,1995,上海市,上海市
郁铭芳,上海市,1995,上海市,上海市
朱能鸿,上海市,1995,上海市,上海市
高鼎三,上海市,1995,上海市,上海市
黄文虎,上海市,1995,上海市,上海市
龚惠兴,上海市,1995,上海市,上海市
顾心怿,上海市,1995,上海市,上海市
盛志勇,上海市,1996,上海市,上海市
侯惠民,上海市,1996,上海市,上海市
姚新生,上海市,1996,上海市,上海市
李瑞麟,上海市,1996,上海市,上海市
陆道培,上海市,1996,上海市,上海市
刘玠,上海市,1997,上海市,上海市
刘玠,上海市,1997,上海市,上海市
阮长耿,上海市,1997,上海市,上海市
杨胜利,上海市,1997,上海市,上海市
沈倍奋,上海市,1997,上海市,上海市
许健民,上海市,1997,上海市,上海市
顾国彪,上海市,1997,上海市,上海市
孙晋良,上海市,1997,上海市,上海市
谢世楞,上海市,1999,上海市,上海市
舒兴田,上海市,1999,上海市,上海市
倪维斗,上海市,1999,上海市,上海市
李道增,上海市,1999,上海市,上海市
李冠兴,上海市,1999,上海市,上海市
柳百成,上海市,1999,上海市,上海市
桑国卫,上海市,1999,上海市,上海市
潘君骅,上海市,1999,上海市,上海市
周立伟,上海市,1999,上海市,上海市
宋湛谦,上海市,1999,上海市,上海市
魏正耀,上海市,1999,上海市,上海市
姚骏恩,上海市,2001,上海市,上海市
秦裕琨,上海市,2001,上海市,上海市
夏德全,上海市,2001,上海市,上海市
孙忠良,上海市,2001,上海市,上海市
江东亮,上海市,2001,上海市,上海市
韩大匡,上海市,2001,上海市,上海市
李伯虎,上海市,2001,上海市,上海市
马洪琪,上海市,2001,上海市,上海市
徐志磊,上海市,2001,上海市,上海市
陈志恺,上海市,2001,上海市,上海市
唐任远,上海市,2001,上海市,上海市
孙九林,上海市,2001,上海市,上海市
孙承纬,上海市,2003,上海市,上海市
陈赛娟,上海市,2003,上海市,上海市
陆佑楣,上海市,2003,上海市,上海市
陈宗懋,上海市,2003,上海市,上海市
邹德慈,上海市,2003,上海市,上海市
王基铭,上海市,2005,上海市,上海市
黄培康,上海市,2005,上海市,上海市
陈念念,上海市,2005,上海市,上海市
安继刚,上海市,2005,上海市,上海市
闻雪友,上海市,2005,上海市,上海市
梁文灏,上海市,2005,上海市,上海市
陈君石,上海市,2005,上海市,上海市
周克崧,上海市,2009,上海市,上海市
丁健,上海市,2009,上海市,上海市
朱英富,上海市,2011,上海市,上海市
林忠钦,上海市,2011,上海市,上海市
丁文江,上海市,2013,上海市,上海市
俞建勇,上海市,2013,上海市,上海市
黄维和,上海市,2013,上海市,上海市
吴志强,上海市,2017,上海市,上海市
戴琼海,上海市,2017,上海市,上海市
庄惟敏,上海市,2019,上海市,上海市
孙凝晖,上海市,2019,上海市,上海市
吴汉明,上海市,2019,上海市,上海市
吴伟仁,四川省平昌县,2015,四川省,巴中市
魏于全,四川南江,2003,四川省,巴中市
成会明,四川巴中,2013,四川省,巴中市
韩杰才,四川巴中,2015,四川省,巴中市
高世扬,四川崇庆,1997,四川省,成都市
魏复盛,四川省简阳县,1997,四川省,成都市
肖伦,四川郫县,1980,四川省,成都市
郭尚平,四川荣县,1995,四川省,成都市
邱勇,四川荣县,2013,四川省,成都市
段镇基,四川省成都市,1994,四川省,成都市
张锦秋,四川省成都市,1994,四川省,成都市
闵恩泽,四川省成都市,1994,四川省,成都市
郭桂蓉,四川省成都市,1995,四川省,成都市
叶尚福,四川省成都市,1995,四川省,成都市
廖振鹏,四川省成都市,1997,四川省,成都市
陈懋章,四川省成都市,1999,四川省,成都市
刘人怀,四川省成都市,1999,四川省,成都市
刘人怀,四川省成都市,1999,四川省,成都市
钟山,四川省成都市,1999,四川省,成都市
邱蔚六,四川省成都市,2001,四川省,成都市
许祖彦,四川省邛崃市,2001,四川省,成都市
周寿桓,四川省成都市,2003,四川省,成都市
石碧,四川省成都市,2009,四川省,成都市
贺克斌,四川省成都市,2015,四川省,成都市
邬堂春,四川省简阳市,2021,四川省,成都市
李荫远,四川成都,1980,四川省,成都市
蒲富恪,四川成都,1991,四川省,成都市
周炳琨,四川成都,1991,四川省,成都市
闵恩泽,四川成都,1993,四川省,成都市
马志明,四川成都,1995,四川省,成都市
沙国河,四川成都,1997,四川省,成都市
曹文宣,四川彭州,1997,四川省,成都市
叶朝辉,四川简阳,2001,四川省,成都市
赵尔宓,四川成都,2001,四川省,成都市
郑时龄,四川成都,2001,四川省,成都市
王大成,四川成都,2005,四川省,成都市
朱彤,四川成都,2021,四川省,成都市
杨正林,四川邛崃,2021,四川省,成都市
沈忠厚,四川省大竹县,2001,四川省,达州市
李崇银,四川达县,2001,四川省,达州市
孟安明,四川大竹,2007,四川省,达州市
江松,四川达县,2015,四川省,达州市
万元熙,四川省绵竹县,2009,四川省,德阳市
秦顺全,四川省绵竹市,2009,四川省,德阳市
雷清泉,四川省岳池市,2003,四川省,广安市
冯叔瑜,四川省邻水县,1995,四川省,广安市
杜修力,四川省广安市,2021,四川省,广安市
胡宏纹,四川广安,1995,四川省,广安市
冯小明,四川武胜县,2013,四川省,广安市
罗先刚,四川省广元市苍溪县,2019,四川省,广元市
黄尚廉,四川乐山市,1995,四川省,乐山市
欧阳予,四川乐山,1991,四川省,乐山市
唐勇,四川井研县,2015,四川省,乐山市
李东旭,四川乐山,2019,四川省,乐山市
刘新垣,酵母丙氨酸tRNA的,1991,四川省,凉山彝族自治州
翁宇庆,四川省西昌市,2009,四川省,凉山彝族自治州
陈翰馥,杭州,1993,四川省,凉山彝族自治州
张光义,四川省泸州市,1997,四川省,泸州市
王华明,四川省合江县,2015,四川省,泸州市
朱清时,成都,1991,四川省,泸州市
管晓宏,四川泸州,2017,四川省,泸州市
李吉均,四川彭县,1991,四川省,眉山市
李俊贤,四川省眉山市,1995,四川省,眉山市
黄汲清,四川仁寿,1948,四川省,眉山市
陈家镛,四川金堂,1980,四川省,眉山市
萧龙友,四川三台,1955,四川省,绵阳市
魏奉思,四川绵阳,2005,四川省,绵阳市
邓小刚,四川绵阳,2015,四川省,绵阳市
阮勇斌,四川梓潼,2021,四川省,绵阳市
谯仕彦,四川省南充市阆中市,2021,四川省,南充市
何多慧,四川省仪陇市,1995,四川省,南充市
鲜学福,四川省阆中县,1999,四川省,南充市
陈立泉,四川省南充市,2001,四川省,南充市
张兴栋,四川省南充市,2007,四川省,南充市
唐华俊,四川省阆中市,2015,四川省,南充市
陈永川,四川南充,2011,四川省,南充市
赵宇亮,四川南充,2017,四川省,南充市
严纯华,上海川沙县,2011,四川省,内江市
郑皆连,四川省内江市,1999,四川省,内江市
干勇,四川省内江市,2001,四川省,内江市
马远良,四川省隆昌市,2003,四川省,内江市
匡廷云,四川资中,1995,四川省,内江市
张亚平,四川资中,2003,四川省,内江市
罗平亚,四川省内江市隆昌县,1995,四川省,内江市
陈先霖,四川省遂宁县,1995,四川省,遂宁市
周守为,四川省蓬溪县,2009,四川省,遂宁市
李言荣,四川省射洪市,2011,四川省,遂宁市
蒋明谦,四川蓬溪,1980,四川省,遂宁市
吴剑旗,四川省宜宾市,2021,四川省,宜宾市
康振生,四川省安岳市,2017,四川省,资阳市
唐明述,四川省安岳县,1995,四川省,资阳市
付小兵,四川省资阳市,2009,四川省,资阳市
何华武,四川省资阳市,2009,四川省,资阳市
邓龙江,四川省安岳县,2021,四川省,资阳市
李克强,四川省资阳市,2021,四川省,资阳市
罗琦,四川省自贡市富顺县,2019,四川省,自贡市
胡海涛,四川省自贡市,1994,四川省,自贡市
王琪,四川省自贡市,2017,四川省,自贡市
侯朝焕,四川自贡,1995,四川省,自贡市
李小文,四川自贡,2001,四川省,自贡市
陈肇隆,台湾省高雄市,2007,台湾省,高雄市
许文思,台湾省高雄县,1994,台湾省,高雄市
刘广润,天津市宝坻区,1999,天津市,天津市
王成山,天津市宝坻区,2021,天津市,天津市
张广军,天津市汉沽区,2013,天津市,天津市
李光博,天津市武清,1995,天津市,天津市
于敏,河北宁河,1980,天津市,天津市
刘玉清,天津市,1994,天津市,天津市
姜泗长,天津市,1994,天津市,天津市
金怡濂,天津市,1994,天津市,天津市
罗沛霖,天津市,1994,天津市,天津市
刘兴洲,天津市,1995,天津市,天津市
杨士莪,天津市,1995,天津市,天津市
王永炎,天津市,1997,天津市,天津市
陆钟武,天津市,1997,天津市,天津市
陈俊愉,天津市,1997,天津市,天津市
张金哲,天津市,1997,天津市,天津市
陈冀胜,天津市,1999,天津市,天津市
石学敏,天津市,1999,天津市,天津市
冯培德,天津市,2001,天津市,天津市
项坤三,天津市,2003,天津市,天津市
尹伟伦,天津市,2005,天津市,天津市
张伯礼,天津市,2005,天津市,天津市
许其凤,天津市,2005,天津市,天津市
徐祥德,天津市,2009,天津市,天津市
李华军,天津市,2017,天津市,天津市
蒋兴伟,天津市,2017,天津市,天津市
夏长亮,天津市,2017,天津市,天津市
申泮文,吉林,1980,西藏自治区,日喀则市
多吉,西藏自治区加查县,2001,西藏自治区,山南市
邱定蕃,香港,1999,香港特别行政区,香港特别行政区
范上达,香港,2005,香港特别行政区,香港特别行政区
袁国勇,香港,2007,香港特别行政区,香港特别行政区
沈祖尧,香港,2011,香港特别行政区,香港特别行政区
陈焕镛,香港,1955,香港特别行政区,香港特别行政区
叶大年,香港,1991,香港特别行政区,香港特别行政区
叶恒强,香港,1991,香港特别行政区,香港特别行政区
黄本立,香港,1993,香港特别行政区,香港特别行政区
李方华,香港,1993,香港特别行政区,香港特别行政区
支志明,香港,1995,香港特别行政区,香港特别行政区
张佑启,香港,1999,香港特别行政区,香港特别行政区
郑耀宗,香港,1999,香港特别行政区,香港特别行政区
黄乃正,香港,1999,香港特别行政区,香港特别行政区
麦松威,香港,2001,香港特别行政区,香港特别行政区
任詠华,香港,2001,香港特别行政区,香港特别行政区
唐叔贤,香港,2001,香港特别行政区,香港特别行政区
叶嘉安,香港,2003,香港特别行政区,香港特别行政区
莫毅明,香港,2015,香港特别行政区,香港特别行政区
廖万清,新加坡,2009,新加坡,新加坡
田志刚,新疆维吾尔自治区巴音郭楞蒙古自治州库尔勒市,2017,新疆维吾尔自治区,巴音郭楞蒙古自治州
邓铭江,新疆维吾尔自治区库尔勒市,2017,新疆维吾尔自治区,巴音郭楞蒙古自治州
田禾,新疆乌鲁木齐,2011,新疆维吾尔自治区,乌鲁木齐市
吴天一,新疆维吾尔自治区伊犁哈萨克自治州,2001,新疆维吾尔自治区,伊犁哈萨克自治州
吾守尔·斯拉木,新疆维吾尔自治区伊犁察布查尔县,2011,新疆维吾尔自治区,伊犁哈萨克自治州
陈清泉,印尼马吉朗市,1997,印度尼西亚,马吉郎市
蔡其巩,印尼泗水,1980,印度尼西亚,泗水
陈宗基,印度尼西亚爪哇岛,1980,印度尼西亚,爪哇
王耀南,云南省龙陵县,2019,云南省,保山市
孙汉董,云南保山,2003,云南省,保山市
陈景,云南省大理市,1997,云南省,大理白族自治州
朱兆云,云南省巍山县,2021,云南省,大理白族自治州
白以龙,云南祥云,1991,云南省,大理白族自治州
朱有勇,云南省个旧市,2011,云南省,红河哈尼族彝族自治州
范滇元,云南省昆明市,1995,云南省,昆明市
张国成,云南省昆明市,1995,云南省,昆明市
李椿萱,云南省昆明市,1997,云南省,昆明市
戴永年,云南省昆明市,1999,云南省,昆明市
张在明,云南省昆明市,2003,云南省,昆明市
宋文骢,云南省昆明市,2003,云南省,昆明市
马丁,云南省昆明市,2017,云南省,昆明市
戴汝为,云南昆明,1991,云南省,昆明市
李家明,云南昆明,1991,云南省,昆明市
董韫美,云南昆明,1993,云南省,昆明市
王希季,云南昆明,1993,云南省,昆明市
方成,云南昆明,1995,云南省,昆明市
季维智,云南昆明,2017,云南省,昆明市
彭金辉,云南省景东市,2017,云南省,普洱市
胡永康,云南省曲靖市,1997,云南省,曲靖市
沈昌祥,浙江省奉化市,1995,浙江省,奉化市
周廷儒,浙江新登(今富阳县),1980,浙江省,杭州市
徐匡迪,浙江省崇德县,1995,浙江省,杭州市
徐匡迪,浙江省崇德县,1995,浙江省,杭州市
汪槱生,浙江省杭州市,1994,浙江省,杭州市
徐端夫,浙江省杭州市,1995,浙江省,杭州市
陈清如,浙江省杭州市,1995,浙江省,杭州市
邵象华,浙江杭州,1995,浙江省,杭州市
张齐生,浙江省淳安县,1997,浙江省,杭州市
杜庆华,浙江省杭州市,1997,浙江省,杭州市
沈渔邨,浙江省杭州市,1997,浙江省,杭州市
董石麟,浙江省杭州市,1997,浙江省,杭州市
潘云鹤,浙江省杭州市,1997,浙江省,杭州市
王三一,浙江省桐庐县,2001,浙江省,杭州市
王一德,浙江省杭州市,2005,浙江省,杭州市
沈祖炎,浙江省杭州市,2005,浙江省,杭州市
金鉴明,浙江省杭州市,2007,浙江省,杭州市
李家彪,浙江省杭州市,2015,浙江省,杭州市
王坚,浙江省杭州市,2019,浙江省,杭州市
胡培松,浙江省桐庐县,2019,浙江省,杭州市
高翔,浙江省杭州市,2021,浙江省,杭州市
张宗燧,浙江杭州,1957,浙江省,杭州市
武迟,浙江杭州,1980,浙江省,杭州市
高小霞,浙江萧山,1980,浙江省,杭州市
周廷冲,浙江富阳,1980,浙江省,杭州市
卢佩章,浙江杭州,1980,浙江省,杭州市
沈允钢,浙江杭州,1980,浙江省,杭州市
干福熹,浙江杭州,1980,浙江省,杭州市
胡海昌,浙江杭州,1980,浙江省,杭州市
周立三,浙江杭州,1980,浙江省,杭州市
钱宁,浙江杭州,1980,浙江省,杭州市
郭燮贤,浙江杭州,1980,浙江省,杭州市
汪猷,浙江杭州,1984,浙江省,杭州市
陈中伟,浙江杭州,1985,浙江省,杭州市
王之江,浙江杭州,1991,浙江省,杭州市
闻邦椿,浙江杭州,1991,浙江省,杭州市
楼南泉,浙江杭州,1991,浙江省,杭州市
吴杭生,浙江杭州,1993,浙江省,杭州市
韩济生,浙江萧山,1993,浙江省,杭州市
裘法祖,浙江杭州,1993,浙江省,杭州市
邵象华,浙江杭州,1995,浙江省,杭州市
韩祯祥,浙江杭州,1999,浙江省,杭州市
孙大业,浙江杭州,2001,浙江省,杭州市
都有为,浙江杭州,2005,浙江省,杭州市
朱玉贤,浙江富阳,2011,浙江省,杭州市
励建书,浙江杭州,2013,浙江省,杭州市
杨树锋,浙江杭州,2015,浙江省,杭州市
蔡荣根,浙江杭州,2017,浙江省,杭州市
戴民汉,浙江杭州,2017,浙江省,杭州市
杨经绥,浙江杭州,2017,浙江省,杭州市
李乐民,浙江省吴兴县,1997,浙江省,湖州市
梁希,浙江吴兴,1955,浙江省,湖州市
陆学善,浙江吴兴,1955,浙江省,湖州市
叶桔泉,浙江吴兴,1955,浙江省,湖州市
王仁,浙江吴兴,1980,浙江省,湖州市
屠守锷,浙江吴兴,1991,浙江省,湖州市
楼之岑,浙江省安吉县,1994,浙江省,湖州市
林宗虎,浙江省湖州市,1995,浙江省,湖州市
谭建荣,浙江省湖州市,2007,浙江省,湖州市
钮新强,浙江省湖州市,2013,浙江省,湖州市
邱式邦,浙江湖州,1980,浙江省,湖州市
蔡昌年,浙江德清,1980,浙江省,湖州市
钦俊德,浙江安吉,1991,浙江省,湖州市
杨学明,浙江德清县,2011,浙江省,湖州市
罗民兴,浙江湖州,2015,浙江省,湖州市
沈树忠,浙江湖州,2015,浙江省,湖州市
俞飚,浙江湖州,2021,浙江省,湖州市
潘镜芙,浙江省湖州市南浔区,1995,浙江省,湖州市
唐有祺,原江苏南汇县,1980,浙江省,嘉兴市
姜文汉,浙江省平湖县,1995,浙江省,嘉兴市
沈保根,浙江平湖县,2011,浙江省,嘉兴市
屠善澄,浙江省嘉兴市,1994,浙江省,嘉兴市
钱绍钧,浙江省平湖市,1995,浙江省,嘉兴市
吴澄,浙江省桐乡市,1995,浙江省,嘉兴市
吴祖垲,浙江省嘉兴,1995,浙江省,嘉兴市
陈毓川,浙江省平湖市,1997,浙江省,嘉兴市
沈闻孙,浙江省嘉兴市,1997,浙江省,嘉兴市
沈世钊,浙江嘉兴,1999,浙江省,嘉兴市
冯宗炜,浙江省嘉兴市,1999,浙江省,嘉兴市
邬江兴,浙江省嘉兴市,2003,浙江省,嘉兴市
沈建忠,浙江省桐乡市,2015,浙江省,嘉兴市
钱崇澍,浙江海宁,1948,浙江省,嘉兴市
陈世骧,浙江嘉兴,1955,浙江省,嘉兴市
汪胡桢,浙江嘉兴,1955,浙江省,嘉兴市
程裕淇,浙江嘉善,1955,浙江省,嘉兴市
顾功叙,浙江嘉善,1955,浙江省,嘉兴市
褚应璜,浙江嘉兴,1955,浙江省,嘉兴市
高尚荫,浙江嘉善,1980,浙江省,嘉兴市
张钟俊,浙江嘉善,1980,浙江省,嘉兴市
倪嘉缵,浙江嘉兴,1980,浙江省,嘉兴市
沈天慧,浙江嘉善,1980,浙江省,嘉兴市
苏元复,浙江海宁,1980,浙江省,嘉兴市
邹元爔,浙江平湖,1980,浙江省,嘉兴市
陶诗言,浙江嘉兴,1980,浙江省,嘉兴市
沈鸿,浙江海宁,1980,浙江省,嘉兴市
程庆国,浙江桐乡,1992,浙江省,嘉兴市
杨玉良,浙江海盐,2003,浙江省,嘉兴市
王永良,浙江嘉兴,2015,浙江省,嘉兴市
朱永官,浙江桐乡,2019,浙江省,嘉兴市
张直中,浙江省海宁,1994,浙江省,嘉兴市
潘复生,浙江省（自治区）兰溪市（县）,2017,浙江省,金华市
任其龙,浙江省东阳县,2019,浙江省,金华市
徐更光,浙江东阳市,1994,浙江省,金华市
陈士橹,浙江省东阳市,1994,浙江省,金华市
何新贵,浙江省浦江县,2001,浙江省,金华市
潘德炉,浙江省东阳市,2001,浙江省,金华市
龚晓南,浙江省金华市,2011,浙江省,金华市
王金南,浙江省金华市,2017,浙江省,金华市
陈薇,浙江省兰溪市,2019,浙江省,金华市
喻景权,浙江省金华市,2021,浙江省,金华市
严济慈,浙江东阳,1948,浙江省,金华市
冯泽芳,浙江义乌,1955,浙江省,金华市
吴自良,浙江浦江,1980,浙江省,金华市
程纯枢,浙江金华,1980,浙江省,金华市
李正武,浙江东阳,1980,浙江省,金华市
王伏雄,浙江兰溪,1980,浙江省,金华市
王元,浙江兰溪,1980,浙江省,金华市
朱壬葆,浙江金华,1980,浙江省,金华市
金玉玕,浙江东阳,2001,浙江省,金华市
金国章,浙江永康,2001,浙江省,金华市
朱位秋,浙江义乌,2003,浙江省,金华市
麻生明,浙江东阳,2005,浙江省,金华市
颜德岳,浙江永康,2005,浙江省,金华市
潘建伟,浙江东阳,2011,浙江省,金华市
滕皋军,浙江金华,2021,浙江省,金华市
徐秉汉,浙江省鄞县,1997,浙江省,宁波市
庄辉,浙江省奉化县,2001,浙江省,宁波市
范立础,浙江镇海,2001,浙江省,宁波市
童第周,浙江鄞县,1948,浙江省,宁波市
贝时璋,浙江镇海,1948,浙江省,宁波市
纪育沣,浙江鄞县,1955,浙江省,宁波市
章名涛,浙江鄞县,1955,浙江省,宁波市
翁文波,浙江鄞县,1980,浙江省,宁波市
陈创天,浙江奉化,1990,浙江省,宁波市
陈子元,浙江鄞县,1991,浙江省,宁波市
杨雄里,浙江镇海,1991,浙江省,宁波市
杨福愉,浙江镇海,1991,浙江省,宁波市
吴祖泽,浙江镇海,1993,浙江省,宁波市
朱兆良,浙江奉化,1993,浙江省,宁波市
贺贤土,浙江镇海,1995,浙江省,宁波市
沈自尹,浙江镇海,1997,浙江省,宁波市
乐嘉陵,浙江省镇海市,1995,浙江省,宁波市
汤德全,浙江省镇海县,1995,浙江省,宁波市
余松烈,浙江省慈溪县,1997,浙江省,宁波市
童志鹏,浙江省慈溪县,1997,浙江省,宁波市
郑颖人,浙江省镇海县,2001,浙江省,宁波市
倪光南,浙江省宁波市,1994,浙江省,宁波市
陈俊亮,浙江省宁波市,1994,浙江省,宁波市
路甬祥,浙江省宁波市,1994,浙江省,宁波市
周光耀,浙江省宁波市,1995,浙江省,宁波市
胡思得,浙江省宁波市,1995,浙江省,宁波市
翁史烈,浙江省宁波市,1995,浙江省,宁波市
周永茂,浙江省宁波市,1995,浙江省,宁波市
毛用泽,浙江省宁波市,1995,浙江省,宁波市
陈敬熊,浙江省镇海,1995,浙江省,宁波市
林永年,浙江省宁波市,1995,浙江省,宁波市
何友声,浙江省宁波市,1995,浙江省,宁波市
陈亚珠,浙江省宁波市,1996,浙江省,宁波市
翁心植,浙江省宁波市,1997,浙江省,宁波市
陈肇元,浙江省宁波市,1997,浙江省,宁波市
俞梦孙,浙江省余姚市,1999,浙江省,宁波市
魏敦山,浙江省宁波市,2001,浙江省,宁波市
陈剑平,浙江省宁波市,2011,浙江省,宁波市
徐芑南,浙江省宁波市,2013,浙江省,宁波市
陈建峰,浙江省慈溪市,2015,浙江省,宁波市
陈纯,浙江省象山县,2015,浙江省,宁波市
冯煜芳,浙江省余姚市,2017,浙江省,宁波市
郑裕国,浙江省象山县,2017,浙江省,宁波市
郑纬民,浙江省宁波市,2019,浙江省,宁波市
应汉杰,浙江省慈溪市,2021,浙江省,宁波市
李庆逵,浙江宁波,1955,浙江省,宁波市
戴传曾,浙江宁波,1980,浙江省,宁波市
朱祖祥,浙江宁波,1980,浙江省,宁波市
鲍文奎,浙江宁波,1980,浙江省,宁波市
任美锷,浙江宁波,1980,浙江省,宁波市
谈家桢,浙江宁波,1985,浙江省,宁波市
石钟慈,浙江宁波,1991,浙江省,宁波市
陈俊亮,浙江宁波,1991,浙江省,宁波市
路甬祥,浙江宁波,1991,浙江省,宁波市
李志坚,浙江宁波,1991,浙江省,宁波市
应崇福,浙江宁波,1993,浙江省,宁波市
王崇愚,丹东,1993,浙江省,宁波市
孙儒泳,浙江宁波,1993,浙江省,宁波市
王阳元,浙江宁波,1995,浙江省,宁波市
徐祖耀,浙江宁波,1995,浙江省,宁波市
沈珠江,浙江慈溪,1995,浙江省,宁波市
陈宜张,浙江慈溪,1995,浙江省,宁波市
洪国藩,浙江宁波,1997,浙江省,宁波市
戚正武,浙江宁波,1999,浙江省,宁波市
童坦君,浙江宁波,2005,浙江省,宁波市
侯凡凡,浙江宁波,2009,浙江省,宁波市
张明杰,浙江宁波,2011,浙江省,宁波市
王建宇,浙江宁波,2017,浙江省,宁波市
马余刚,浙江余姚,2017,浙江省,宁波市
马余强,浙江余姚,2021,浙江省,宁波市
徐元森,浙江省江山县,1995,浙江省,衢州市
汪燮卿,浙江省龙游县,1995,浙江省,衢州市
郑树森,浙江省衢州市,2001,浙江省,衢州市
杨小牛,浙江省龙游县,2013,浙江省,衢州市
吴丰昌,浙江省衢州市,2017,浙江省,衢州市
毛江森,浙江江山,1991,浙江省,衢州市
谢树成,浙江龙游县,2021,浙江省,衢州市
吕志涛,浙江省新昌县,1997,浙江省,绍兴市
周炯槃,浙江省上虞县,1995,浙江省,绍兴市
周勤之,浙江省上虞市,1995,浙江省,绍兴市
吴常信,浙江嵊县,1995,浙江省,绍兴市
丁仲礼,浙江嵊县,2005,浙江省,绍兴市
徐承恩,浙江省诸暨市,1994,浙江省,绍兴市
潘家铮,浙江绍兴,1994,浙江省,绍兴市
屠基达,浙江省绍兴市,1995,浙江省,绍兴市
孙优贤,浙江省诸暨市,1995,浙江省,绍兴市
沈寅初,浙江省嵊州市,1997,浙江省,绍兴市
钟群鹏,浙江上虞,1999,浙江省,绍兴市
许绍燮,浙江省绍兴市,1999,浙江省,绍兴市
邱爱慈,浙江省绍兴市,1999,浙江省,绍兴市
陈洪铎,浙江省绍兴市,1999,浙江省,绍兴市
徐寿波,浙江省绍兴市,2001,浙江省,绍兴市
孟执中,浙江诸暨,2003,浙江省,绍兴市
李兰娟,浙江省绍兴市,2005,浙江省,绍兴市
徐扬生,浙江省绍兴市,2007,浙江省,绍兴市
朱利中,浙江省绍兴市,2017,浙江省,绍兴市
陈文兴,浙江省绍兴市,2019,浙江省,绍兴市
郑津洋,浙江省嵊州市,2021,浙江省,绍兴市
赵忠尧,浙江诸暨,1948,浙江省,绍兴市
俞大绂,浙江绍兴,1948,浙江省,绍兴市
竺可桢,浙江上虞,1948,浙江省,绍兴市
斯行健,浙江诸暨,1955,浙江省,绍兴市
金善宝,浙江诸暨,1955,浙江省,绍兴市
钱三强,浙江绍兴,1955,浙江省,绍兴市
陈建功,浙江绍兴,1955,浙江省,绍兴市
钱志道,浙江绍兴,1955,浙江省,绍兴市
徐光宪,浙江绍兴,1980,浙江省,绍兴市
毛汉礼,浙江诸暨,1980,浙江省,绍兴市
潘家铮,浙江绍兴,1980,浙江省,绍兴市
吴中伦,浙江诸暨,1980,浙江省,绍兴市
袁道先,浙江诸暨,1991,浙江省,绍兴市
徐如人,浙江上虞,1991,浙江省,绍兴市
周维善,浙江绍兴,1991,浙江省,绍兴市
沈家骢,浙江绍兴,1991,浙江省,绍兴市
袁承业,浙江上虞,1997,浙江省,绍兴市
曹春晓,浙江上虞,1997,浙江省,绍兴市
宋大祥,浙江绍兴,1999,浙江省,绍兴市
邢球痕,浙江嵊州,2003,浙江省,绍兴市
陶文铨,浙江绍兴,2005,浙江省,绍兴市
徐国良,浙江诸暨,2015,浙江省,绍兴市
景益鹏,浙江绍兴,2015,浙江省,绍兴市
黄荷凤,浙江嵊州,2017,浙江省,绍兴市
方秦汉,浙江省台州市黄岩区,1997,浙江省,台州市
金庆焕,浙江省临海市,1997,浙江省,台州市
池志强,浙江黄岩,1997,浙江省,台州市
蔡道基,浙江省温岭市,2001,浙江省,台州市
葛世荣,浙江省天台县,2021,浙江省,台州市
罗宗洛,浙江黄岩,1948,浙江省,台州市
朱洗,浙江临海,1955,浙江省,台州市
柯召,浙江温岭,1955,浙江省,台州市
陈芳允,浙江黄岩,1980,浙江省,台州市
柯俊,浙江黄岩,1980,浙江省,台州市
冯德培,浙江临海,1986,浙江省,台州市
吴全德,浙江黄岩,1991,浙江省,台州市
蒋民华,浙江临海,1991,浙江省,台州市
洪孟民,浙江临海,1991,浙江省,台州市
陈洪渊,浙江三门,2001,浙江省,台州市
徐世浙,浙江台州,2001,浙江省,台州市
陈十一,浙江天台县,2013,浙江省,台州市
陈云敏,浙江温岭,2015,浙江省,台州市
谢作伟,浙江苍南县,2017,浙江省,温州市
滕锦光,浙江永嘉县,2017,浙江省,温州市
张超然,浙江省温州市,2003,浙江省,温州市
方国洪,浙江省瑞安市,2007,浙江省,温州市
李大鹏,浙江省永嘉县,2007,浙江省,温州市
苏步青,浙江平阳,1948,浙江省,温州市
张肇骞,浙江永嘉,1955,浙江省,温州市
谷超豪,浙江温州,1980,浙江省,温州市
施立明,浙江乐清,1991,浙江省,温州市
张淑仪,浙江温州,1991,浙江省,温州市
李启虎,浙江温州,1997,浙江省,温州市
陈式刚,浙江温州,2001,浙江省,温州市
李邦河,浙江乐清,2001,浙江省,温州市
金振民,浙江温州,2005,浙江省,温州市
杨焕明,浙江乐清,2007,浙江省,温州市
王克明,浙江乐清,2007,浙江省,温州市
吴朝晖,浙江温州,2017,浙江省,温州市
叶志镇,浙江苍南,2019,浙江省,温州市
陈联寿,浙江省定海县,1999,浙江省,舟山市
童晓光,浙江省嵊县,2005,浙江省,舟山市
殷鸿福,浙江舟山,1993,浙江省,舟山市
张东辉,浙江舟山,2017,浙江省,舟山市
孙斌勇,浙江舟山,2019,浙江省,舟山市
李惕碚,重庆北碚,1997,重庆市,重庆市
孙才新,重庆市垫江县,2003,重庆市,重庆市
陈荣悌,重庆垫江,1980,重庆市,重庆市
李应红,重庆奉节县,2013,重庆市,重庆市
夏佳文,重庆市涪陵区,2013,重庆市,重庆市
周开达,重庆江津市,1999,重庆市,重庆市
杨士中,重庆江津,1997,重庆市,重庆市
蹇锡高,重庆市江津区,2013,重庆市,重庆市
王桥,重庆市江津区,2019,重庆市,重庆市
杨维才,重庆九龙坡,2021,重庆市,重庆市
王鼎盛,重庆南川县,2005,重庆市,重庆市
向巧,重庆市彭水县,2015,重庆市,重庆市
舒红兵,重庆荣昌,2011,重庆市,重庆市
崔向群,重庆万州,2009,重庆市,重庆市
孙世刚,重庆万州区,2015,重庆市,重庆市
向仲怀,重庆市武隆区,1995,重庆市,重庆市
谭述森,重庆开县,2015,重庆市,重庆市
魏辅文,重庆云阳县,2017,重庆市,重庆市
许为钢,四川省重庆市,2021,重庆市,重庆市
陈文贵,四川永川,1955,重庆市,重庆市
沈其震,四川重庆,1955,重庆市,重庆市
周泽昭,四川江津,1955,重庆市,重庆市
赵宗燠,四川荣昌,1957,重庆市,重庆市
汪家鼎,四川重庆,1980,重庆市,重庆市
涂铭旌,重庆市,1995,重庆市,重庆市
张立同,重庆市,1995,重庆市,重庆市
曾恒一,重庆市,1997,重庆市,重庆市
刘经南,重庆市,1999,重庆市,重庆市
樊代明,重庆市,2001,重庆市,重庆市
荣廷昭,重庆市,2003,重庆市,重庆市
尹泽勇,重庆市,2005,重庆市,重庆市
李晓红,重庆市,2011,重庆市,重庆市
杨华勇,重庆市,2013,重庆市,重庆市
张远航,重庆市,2015,重庆市,重庆市
